TutorID,Jenis Kelamin,Pendidikan Terakhir,Provinsi,Kabupaten/Kota,Interest,Bahasa,Prompt,Kriteria,Skor Label,Label
1,Laki-laki,S1,Daerah Istimewa Yogyakarta,Sleman,"Kalkulus, Fisika",Indonesia,Saya ingin belajar fisika dengan mahasiswa fisika yang sudah berpengalaman menjadi asisten dosen dan juga di daerah Yogyakarta dengan menggunakan bahasa indonesia harus laki-laki.,"Saya mahasiswa fisika Universitas Gadjah Mada yang sangat menguasai fisika dan matematika tingkat SMA, Saya juga berpengalaman dalam menjadi asisten dosen serat asisten praktikum. Gaya mengajar saya itu mengasyikkan banget, kalian akan dibuat sangat paham untuk mengerjakan berbagai permasalahan fisika.",5,1
2,Laki-laki,S1,Daerah Istimewa Yogyakarta,Sleman ,Fisika ,Indonesia,Tolong carikan tutor fisika dan matematika dengan pengalaman yang mumpuni di daerah yogyakarta dan sleman,Saya berpengalaman dalam mengajar fisika dan matematika smp serta sudah memiliki sertifikat resmi,4,1
3,Perempuan,S1,Daerah Istimewa Yogyakarta,Sleman,Fisika,Indonesia,Butuh tutor Fisika buat anak SMA dengan cara mengajar dengan baik di daerah Bandung,Saya menggunakan beberapa warna dalam mencatat materi tutor agar lebih menarik dan tidak bosan dilihat.,0,0
4,Perempuan,S1,Daerah Istimewa Yogyakarta,Sleman,Hukum,Indonesia,"Carikan saya guru privat tentang Hukum karena saya kesulitan kuliah di jurusan Hukum, daerah Yogyakarta ya","Saya sedang menekuni kuliah sarjana strata 1 hukum, sehingga mungkin saya bisa mengajar tentang dasar-dasar mengenai hukum. Saya juga pernah menjadi guru privat dan saya bisa bilang saya cukup bersahabat. ",4,1
5,Laki-laki,S1,Daerah Istimewa Yogyakarta,Sleman,sosiologi,Indonesia,Guru dengan tegas dan semangat mengajar anak saya mata pelajaran Kimia,saya sangat mendalami pelajaran sosiologi saat sma,2,0
6,Laki-laki,S3,Jakarta ,Jakarta barat,Machine learning,Inggris,Privat tutor dengan keahlian machine learning untuk saya yang butuh kemampuan Natural Language Processing,Saya senang memberikan contoh aplikasi nyata dalam bidang fisika ,3,0
7,Laki-laki,S1,Jakarta ,Jakarta timur ,Machine learning,Inggris,Info guru privat daerah jakarta untuk belajar machine learning yang sudah sangat berpengalaman,Saya seseorang yang berpengalaman dalam bidang machine learning baik dalam negeri ataupun luar negeri. Kemudian ada pengalaman mengajar untuk mahasiswa sehingga membantu yang kesulitan untuk belajar machine learning dengan mudah.,5,1
8,Laki-laki,S1,Jawa Barat,Bogor,Data Science ,Inggris,Dicari orang untuk acara seminar yang ahli data science secara online terutama untuk yang Non STEM dapat menjelaskannya dengan sangat sederhana,Saya berpengalaman mengajar data science dan mampu menjelaskan konsep data sains dengan baik kepada orang-orang dengan latar pendidikan Non STEM menggunakan pendekatan yang sederhana. Saya selalu membawakan materi dengan semangat dan penuh gairah. ,2,1
9,Perempuan,S2,Jawa Barat,Bogor,Matematika,Indonesia,Saya ingin belajar matematika dengan guru yang bisa menjelaskan dengan bahasa yang mudah dipahami dan menggunakan contoh sehari-hari,Saya sudah mengajar sebagai guru les kontrak atau sesuai permintaan selama 5 tahun. Saya bisa menulis terbalik ke arah siswa. Saya bisa menjelaskan konsep matematika ke anak-anak dengan bahasa dan cerita yang mudah dipahami karena menggunakan contoh sehari-hari atau yang terbayang.,2,1
10,Laki-laki,S1,Jakarta,Jakarta Timur,Matematika,Indonesia,Saya butuh tutor matematika yang bisa mengajarkan konsep dasar agar mudah dipahami,Sangat menguasai matematik dan memiliki pengalaman mengajar sebagai guru tutor selama 3 tahun. Gaya mengajar saya adalah dengan cara mengajari konsep dasar agar mudah dipahami.,5,1
11,Laki-laki,S1,Jakarta ,Jakarta Barat,Matematika,Indonesia,Saya mencari tutor yang bisa mengajar matematika dengan menyertakan meme atau candaan agar pelajaran lebih menyenangkan,"Memiliki pengalaman membuat slide materi dan mengajar matematika untuk anak SD, gemar memasukkan meme atau candaan di materi agar mudah dipahami dan siswa tidak bosan",5,1
12,Laki-laki,S1,Banten,Cilegon,Pemrograman Dasar,Indonesia,Saya butuh pengajar yang menggunakan metode first principle untuk pemrograman dasar di Cilegon provinsi Banten,"Saya menggunakan metode first principle dalam melakukan kegiatan belajar/mengajar dan pendekatan yang intuitif, agar audiens dapat memahami suatu topik secara mendalam sebelum mereka melakukan hal yang lebih kompleks",4,1
13,Laki-laki,S2,Jakarta,Jakarta Timur,"Artificial Intelligence, spesialisasi Prompt Engineering",Indonesia,Saya ingin belajar terkait prompt engineering AI menggunakan chatGPT dari seorang ahli matematika,"saya adalah seorang yang berpengalaman dalam dunia prompt engineering AI dengan menggunakan ChatGPT, Stable Diffusion, Dall-E, dan Midjourney",1,0
14,Laki-laki,S1,DKI Jakarta,Jakarta Pusat,Sejarah,Indonesia,Saya mencari guru sejarah yang mengajar dengan cara bercerita dan mendorong murid untuk bertanya di DKI Jakarta terutama Jakarta Pusat,Saya adalah guru sejarah. Saya mengajar dengan cara bercerita agar murid mau bertanya-tanya mengapa sejarah bisa terjadi. Tujuan akhir dari sistem pengajaran saya adalah dapat dipetiknya suatu ilmu dari sejarah tersebut untuk mengembangkan masa depan,4,1
15,Laki-laki,S1,Daerah Istimewa Yogyakarta,Sleman,Data Analyst,Indonesia,Saya butuh pengajar yang bisa membantu saya dengan konsep-konsep menjadi data analyst,sudah berpengalaman lebih dari 6 tahun di bidang data dan dibeberapa industri,5,1
16,Perempuan,S2,Jawa Barat,Kabupaten Bekasi,Fisika,Indonesia,Saya mencari tutor yang menggunakan alat peraga dalam mengajar fisika di daerah Jakarta Pusat,Saya punya pengalaman dalam mengajar fisika dan saya biasa menggunakan alat peraga untuk mempraktekkan konsep fisika sehingga pembelajaran menjadi lebih interaktif dan menyenangkan siswa. ,5,1
17,Laki-laki,S1,DKI Jakarta,Jakarta Selatan,Matematika,Indonesia,Saya mencari tutor matematika yang berpengalaman di Jakarta,Mengajar matematika untuk SMA dengan pengalaman 5 tahun. Menggunakan metode kreatif dan interaktif.,5,1
18,Perempuan,S2,Jawa Barat,Bandung,Pemrograman,Indonesia,Saya butuh mentor untuk belajar pemrograman di Bandung,"Menguasai Python dan Java, dengan pengalaman 3 tahun sebagai software engineer di perusahaan teknologi besar.",5,1
19,Laki-laki,S1,Jawa Timur,Surabaya,Bahasa Inggris,Inggris,Saya ingin belajar bahasa Inggris dengan tutor di Surabaya,"Berpengalaman mengajar bahasa Inggris selama 4 tahun, dengan fokus pada komunikasi bisnis.",5,1
20,Laki-laki,S2,Daerah Istimewa Yogyakarta,Yogyakarta,Data Science,Indonesia,Saya butuh mentor yang sabar untuk belajar data science di Yogyakarta karena saya baru belajar,"Mempunyai pengalaman 6 tahun di bidang data science dan machine learning, sering memberikan workshop dan seminar.",3,1
21,Perempuan,S1,Jawa Tengah,Semarang,Fisika,Indonesia,Saya mencari tutor fisika untuk SMP di Semarang yang tegas dan sabar,Mengajar fisika untuk tingkat SMP dengan metode yang mudah dipahami dan interaktif selama 3 tahun.,4,1
22,Laki-laki,S1,Jakarta ,Jakarta Barat,Matematika,Indonesia,Saya butuh tutor matematika yang bisa mengajar di Jakarta,Berpengalaman mengajar matematika untuk anak SD dengan cara yang menyenangkan dan mudah dipahami.,5,1
23,Perempuan,S1,Jawa Timur,Malang,Pemrograman,Indonesia,Saya ingin belajar coding dari mentor di Surabaya,"Menguasai HTML, CSS, dan JavaScript, serta berpengalaman mengajar coding selama 2 tahun.",4,0
24,Perempuan,S2,DKI Jakarta,Jakarta Pusat,Bahasa Inggris,Inggris,Saya mencari tutor bahasa Inggris untuk bisnis di Jakarta,Berpengalaman 5 tahun mengajar bahasa Inggris untuk komunikasi bisnis.,4,1
25,Laki-laki,S2,Jawa Barat,Bekasi,Data Analysis,Indonesia,Saya butuh mentor untuk karir di bidang data analysis di Bekasi,Berpengalaman 7 tahun di bidang data analysis dengan berbagai industri.,4,1
26,Perempuan,S1,Sumatera Utara,Medan,Fisika,Indonesia,Saya mencari tutor fisika untuk anak SMP di Medan,Mengajar fisika untuk SMP dengan menggunakan alat peraga dan metode praktis selama 4 tahun.,3,1
27,Laki-laki,S1,DKI Jakarta,Jakarta Selatan,Matematika,Indonesia,Saya mencari tutor matematika yang berpengalaman di Jakarta,Mengajar matematika untuk SMA dengan pengalaman 5 tahun. Menggunakan metode kreatif dan interaktif.,3,1
28,Perempuan,S2,Jawa Barat,Bandung,Pemrograman,Indonesia,Butuh mentor untuk belajar pemrograman di Bandung,"Menguasai Python dan Java, dengan pengalaman 3 tahun sebagai software engineer di perusahaan teknologi besar.",3,1
29,Laki-laki,S1,Jawa Timur,Surabaya,Bahasa Inggris,Inggris,Ingin belajar bahasa Inggris dengan tutor di Surabaya,"Berpengalaman mengajar bahasa Inggris selama 4 tahun, dengan fokus pada komunikasi bisnis.",3,1
30,Laki-laki,S2,Daerah Istimewa Yogyakarta,Yogyakarta,Data Science,Indonesia,Mencari mentor untuk belajar data science di Yogyakarta,"Mempunyai pengalaman 6 tahun di bidang data science dan machine learning, sering memberikan workshop dan seminar.",4,1
31,Perempuan,S1,Jawa Tengah,Semarang,Fisika,Indonesia,Tutor fisika untuk SMP di Semarang,Mengajar fisika untuk tingkat SMP dengan metode yang mudah dipahami dan interaktif selama 3 tahun.,4,1
32,Laki-laki,S1,Jakarta ,Jakarta Barat,Matematika,Indonesia,Cari tutor matematika yang bisa mengajar di Jakarta,Berpengalaman mengajar matematika untuk anak SD dengan cara yang menyenangkan dan mudah dipahami.,3,0
33,Perempuan,S1,Jawa Timur,Malang,Pemrograman,Indonesia,Perlu mentor untuk belajar coding di Surabaya,"Menguasai HTML, CSS, dan JavaScript, serta berpengalaman mengajar coding selama 2 tahun.",3,0
34,Perempuan,S2,DKI Jakarta,Jakarta Pusat,Bahasa Inggris,Inggris,Butuh tutor bahasa Inggris untuk bisnis di Jakarta,Berpengalaman 5 tahun mengajar bahasa Inggris untuk komunikasi bisnis.,4,1
35,Laki-laki,S2,Jawa Barat,Bekasi,Data Analysis,Indonesia,Mentor untuk karir di bidang data analysis di Bekasi,Berpengalaman 7 tahun di bidang data analysis dengan berbagai industri.,4,1
36,Perempuan,S1,Sumatera Utara,Medan,Fisika,Indonesia,Tutor fisika untuk anak SMP di Medan,Mengajar fisika untuk SMP dengan menggunakan alat peraga dan metode praktis selama 4 tahun.,4,1
37,Laki-laki,S1,Daerah Istimewa Yogyakarta,Yogyakarta,Kimia,Indonesia,Tutor kimia yang berpengalaman di Yogyakarta,Mengajar kimia untuk SMA dengan pengalaman 6 tahun. Menggunakan metode laboratorium dan praktikum.,4,1
38,Perempuan,S2,Jawa Barat,Bandung,Sejarah,Indonesia,Cari tutor sejarah di Bandung,Berpengalaman mengajar sejarah selama 4 tahun dengan pendekatan storytelling untuk membuat sejarah lebih menarik.,3,1
39,Laki-laki,S2,Jawa Timur,Surabaya,Ekonomi,Indonesia,Ingin belajar ekonomi dari mentor di Surabaya,Mengajar ekonomi untuk mahasiswa dengan pengalaman 5 tahun dan sering menjadi pembicara seminar ekonomi.,4,1
40,Perempuan,S1,Sumatera Utara,Medan,Geografi,Indonesia,Tutor geografi yang berpengalaman di Medan,"Mengajar geografi dengan pengalaman 3 tahun, menggunakan peta dan alat bantu visual untuk pembelajaran.",3,1
41,Laki-laki,S1,Bali,Denpasar,Desain Grafis,Indonesia,Mentor untuk belajar desain grafis di Bali,"Berpengalaman sebagai desainer grafis selama 5 tahun, menguasai Adobe Photoshop dan Illustrator.",3,1
42,Perempuan,S1,Jawa Barat,Bandung,Fisika,Indonesia,Tutor fisika yang bisa mengajar di Bandung,Berpengalaman mengajar fisika untuk SMP dengan cara interaktif selama 3 tahun.,4,0
43,Laki-laki,S2,DKI Jakarta,Jakarta Utara,Fotografi,Indonesia,Ingin belajar fotografi dari mentor di Jakarta,"Mengajar fotografi untuk pemula dengan pengalaman 5 tahun, sering mengadakan workshop dan pameran.",4,1
44,Perempuan,S1,Daerah Istimewa Yogyakarta,Sleman,Bahasa Jepang,Indonesia,Butuh tutor bahasa Jepang di Yogyakarta,"Menguasai bahasa Jepang dengan pengalaman mengajar 4 tahun, menggunakan metode interaktif dan praktis.",3,1
45,Laki-laki,S1,Sulawesi Selatan,Makassar,Biologi,Indonesia,Tutor biologi yang berpengalaman di Makassar,"Mengajar biologi untuk SMA selama 5 tahun, menggunakan metode laboratorium dan eksperimen praktis.",4,1
46,Laki-laki,S1,Jawa Barat,Bandung,Ilmu Komputer,Indonesia,Ingin belajar ilmu komputer dari tutor di Bandung,"Berpengalaman mengajar ilmu komputer selama 4 tahun, fokus pada algoritma dan struktur data.",3,1
47,Perempuan,S2,Jakarta,Jakarta Timur,Public Speaking,Indonesia,Butuh mentor untuk belajar public speaking di Jakarta,"Berpengalaman sebagai public speaker selama 6 tahun, sering menjadi pembicara di seminar nasional.",3,1
48,Laki-laki,S2,Jawa Timur,Surabaya,Fisika,Indonesia,Saya membutuhkan tutor untuk belajar musik klasik di Surabaya,Mengajar fisika untuk SMA dengan pengalaman 5 tahun. Menggunakan metode kreatif dan interaktif.,3,0
47,Perempuan,S1,DKI Jakarta,Jakarta Pusat,Kimia,Indonesia,Mencari mentor untuk belajar digital marketing di Jakarta,Berpengalaman mengajar kimia untuk siswa SMA selama 4 tahun dengan pendekatan praktikum.,3,0
48,Laki-laki,S1,Jawa Barat,Bandung,Matematika,Indonesia,Ingin belajar bahasa Prancis dengan tutor di Bandung,Mengajar matematika untuk SMP dengan metode interaktif selama 3 tahun.,3,0
47,Laki-laki,S2,Bali,Denpasar,Bahasa Inggris,Inggris,Butuh mentor untuk pengembangan aplikasi mobile di Bali,Berpengalaman mengajar bahasa Inggris selama 4 tahun dengan fokus pada percakapan sehari-hari.,2,0
48,Perempuan,S1,Jawa Tengah,Semarang,Pemrograman,Indonesia,Mencari tutor untuk belajar sejarah dunia di Semarang,"Menguasai bahasa pemrograman Java dan Python, serta berpengalaman mengajar selama 2 tahun.",3,0
47,Laki-laki,S3,Daerah Istimewa Yogyakarta,Yogyakarta,Biologi,Indonesia,Cari mentor untuk pengembangan soft skill di Yogyakarta,Mengajar biologi untuk SMA dengan pengalaman 6 tahun dan sering mengadakan praktikum lapangan.,2,0
48,Perempuan,S2,Sumatera Utara,Medan,Ekonomi,Indonesia,Ingin belajar seni tari tradisional dengan tutor di Medan,Mengajar ekonomi untuk mahasiswa dengan pengalaman 5 tahun dan menggunakan studi kasus nyata.,3,0
47,Laki-laki,S2,Sulawesi Selatan,Makassar,Geografi,Indonesia,Mencari tutor untuk belajar astronomi di Makassar,Berpengalaman mengajar geografi selama 4 tahun dengan pendekatan visual dan peta interaktif.,3,0
48,Perempuan,S1,Jawa Barat,Bandung,Sejarah,Indonesia,Butuh mentor untuk pengembangan bisnis startup di Bandung,Berpengalaman mengajar sejarah dunia selama 5 tahun dengan pendekatan analitis dan kronologis.,2,0
47,Laki-laki,S2,DKI Jakarta,Jakarta Selatan,Bahasa Jepang,Indonesia,Ingin belajar desain interior dengan tutor di Jakarta,Menguasai bahasa Jepang dan berpengalaman mengajar selama 3 tahun dengan metode interaktif.,3,0
48,Perempuan,S1,DKI Jakarta,Jakarta Selatan,Matematika,Indonesia,Saya mencari tutor matematika untuk persiapan ujian di Jakarta yang sabar dan telaten,"Mengajar matematika dengan sabar dan telaten, berpengalaman mengajar siswa SMA selama 3 tahun.",4,1
49,Laki-laki,S2,Jawa Barat,Bandung,Pemrograman,Indonesia,Butuh mentor untuk belajar pemrograman Python di Bandung dengan pendekatan praktis,"Berpengalaman mengajar pemrograman Python selama 5 tahun, fokus pada pendekatan praktis.",4,1
50,Perempuan,S1,Daerah Istimewa Yogyakarta,Yogyakarta,Bahasa Inggris,Inggris,Ingin belajar Bahasa Inggris dengan tutor yang bisa mengajar dengan metode interaktif di Yogyakarta,"Mengajar Bahasa Inggris dengan metode interaktif, berpengalaman selama 4 tahun.",4,1
51,Perempuan,S2,Jawa Timur,Surabaya,Seni Lukis,Indonesia,Mencari tutor untuk belajar seni lukis di Surabaya yang kreatif dan inspiratif,"Mengajar seni lukis dengan pendekatan kreatif dan inspiratif, berpengalaman selama 6 tahun.",4,1
52,Laki-laki,S3,Sumatera Utara,Medan,Bisnis Digital,Indonesia,Butuh mentor untuk belajar bisnis digital di Medan dengan pendekatan studi kasus,"Mengajar bisnis digital dengan pendekatan studi kasus, berpengalaman selama 7 tahun.",4,1
53,Laki-laki,S2,DKI Jakarta,Jakarta Pusat,Fisika,Indonesia,Saya mencari tutor musik klasik di Jakarta yang berpengalaman,Mengajar fisika untuk SMA dengan pengalaman 5 tahun. Menggunakan metode kreatif dan interaktif.,3,0
54,Perempuan,S1,DKI Jakarta,Jakarta Pusat,Kimia,Indonesia,Mencari mentor untuk belajar digital marketing di Jakarta,Berpengalaman mengajar kimia untuk siswa SMA selama 4 tahun dengan pendekatan praktikum.,3,0
55,Laki-laki,S1,Jawa Barat,Bandung,Matematika,Indonesia,Ingin belajar bahasa Prancis dengan tutor di Bandung,Mengajar matematika untuk SMP dengan metode interaktif selama 3 tahun.,3,0
56,Laki-laki,S2,Bali,Denpasar,Bahasa Inggris,Inggris,Butuh mentor untuk pengembangan aplikasi mobile di Bali,Berpengalaman mengajar bahasa Inggris selama 4 tahun dengan fokus pada percakapan sehari-hari.,2,0
57,Perempuan,S1,Jawa Tengah,Semarang,Pemrograman,Indonesia,Mencari tutor untuk belajar sejarah dunia di Semarang,"Menguasai bahasa pemrograman Java dan Python, serta berpengalaman mengajar selama 2 tahun.",3,0
58,Laki-laki,S3,Daerah Istimewa Yogyakarta,Yogyakarta,Biologi,Indonesia,Cari mentor untuk pengembangan soft skill di Yogyakarta,Mengajar biologi untuk SMA dengan pengalaman 6 tahun dan sering mengadakan praktikum lapangan.,2,0
59,Perempuan,S2,Sumatera Utara,Medan,Ekonomi,Indonesia,Ingin belajar seni tari tradisional dengan tutor di Medan,Mengajar ekonomi untuk mahasiswa dengan pengalaman 5 tahun dan menggunakan studi kasus nyata.,3,0
60,Laki-laki,S2,Sulawesi Selatan,Makassar,Geografi,Indonesia,Mencari tutor untuk belajar astronomi di Makassar,Berpengalaman mengajar geografi selama 4 tahun dengan pendekatan visual dan peta interaktif.,3,0
61,Laki-laki,S2,DKI Jakarta,Jakarta Pusat,Data Science,Indonesia,Saya membutuhkan mentor untuk belajar data science di Jakarta dengan pendekatan praktis,Berpengalaman mengajar data science selama 5 tahun dengan fokus pada proyek praktis.,4,1
62,Perempuan,S3,Jawa Barat,Bandung,Machine Learning,Inggris,Ingin belajar machine learning di Bandung dengan mentor yang interaktif dan berpengalaman,"Mengajar machine learning dengan metode interaktif, berpengalaman selama 6 tahun.",4,1
63,Laki-laki,S1,Jawa Timur,Surabaya,Web Development,Indonesia,Mencari tutor untuk belajar pemrograman web di Surabaya yang dapat mengajar dengan studi kasus,"Mengajar pemrograman web dengan studi kasus, berpengalaman mengajar selama 4 tahun.",4,1
64,Perempuan,S2,Daerah Istimewa Yogyakarta,Yogyakarta,Digital Marketing,Indonesia,Butuh mentor untuk belajar digital marketing di Yogyakarta yang praktis dan langsung ke praktek,"Mengajar digital marketing dengan pendekatan praktis, pengalaman 5 tahun di industri.",4,1
65,Laki-laki,S3,Sumatera Utara,Medan,Data Analysis,Inggris,Mencari tutor untuk belajar data analysis di Medan dengan metode visual dan interaktif,"Mengajar data analysis dengan metode visual, pengalaman 7 tahun di berbagai proyek.",4,1
66,Perempuan,S1,Jawa Tengah,Semarang,Fisika,Indonesia,Saya ingin belajar SEO dengan tutor yang berpengalaman di Semarang,"Mengajar fisika untuk SMA dengan pengalaman 3 tahun, menggunakan metode praktis.",4,0
67,Laki-laki,S2,Sulawesi Selatan,Makassar,Kimia,Indonesia,Mencari tutor untuk belajar public speaking di Makassar yang ramah dan berpengalaman,"Berpengalaman mengajar kimia selama 5 tahun, fokus pada praktikum laboratorium.",3,0
68,Perempuan,S1,Bali,Denpasar,Matematika,Indonesia,Ingin belajar seni digital dengan tutor di Denpasar yang kreatif dan inspiratif,"Mengajar matematika untuk SMP dengan metode kreatif, berpengalaman 4 tahun.",4,0
69,Laki-laki,S3,Kalimantan Timur,Balikpapan,Bahasa Inggris,Inggris,Butuh mentor untuk belajar cloud computing di Balikpapan dengan pendekatan proyek,"Mengajar bahasa Inggris untuk dewasa, berpengalaman 6 tahun, menggunakan metode percakapan.",4,0
70,Perempuan,S1,Sumatera Selatan,Palembang,Pemrograman,Indonesia,Saya ingin belajar fotografi di Palembang dengan tutor yang praktis dan ramah,"Mengajar pemrograman Python dan Java, berpengalaman 3 tahun, fokus pada praktik langsung.",3,0
71,Laki-laki,S2,Kalimantan Selatan,Banjarmasin,Biologi,Indonesia,Mencari tutor untuk belajar ekonomi di Banjarmasin yang bisa mengajar dengan kasus nyata,"Mengajar biologi dengan pengalaman 4 tahun, menggunakan alat peraga dan praktikum.",3,0
72,Perempuan,S2,Jawa Timur,Malang,Ekonomi,Indonesia,Ingin belajar graphic design dengan tutor yang berpengalaman di Malang,"Mengajar ekonomi untuk mahasiswa dengan pengalaman 5 tahun, fokus pada analisis data.",4,0
73,Laki-laki,S3,Jawa Barat,Depok,Artificial Intelligence,Indonesia,Butuh mentor untuk belajar artificial intelligence di Depok dengan pendekatan praktis,"Berpengalaman mengajar AI selama 8 tahun, fokus pada proyek praktis dan real-world applications.",3,1
74,Perempuan,S2,Jawa Barat,Bekasi,Deep Learning,Inggris,Mencari tutor untuk belajar deep learning di Bekasi yang bisa mengajar dengan studi kasus,"Mengajar deep learning dengan metode studi kasus, berpengalaman 5 tahun di industri.",4,1
75,Laki-laki,S2,Jawa Tengah,Surakarta,Computer Vision,Indonesia,Saya ingin belajar computer vision di Solo dengan tutor yang berpengalaman,"Mengajar computer vision dengan pengalaman 6 tahun, menggunakan proyek praktis.",4,1
76,Perempuan,S1,Banten,Tangerang,Fisika,Indonesia,Mencari tutor untuk belajar UX/UI design di Tangerang yang kreatif dan inovatif,"Mengajar fisika untuk SMA dengan metode interaktif, berpengalaman 3 tahun.",4,0
77,Laki-laki,S2,Kepulauan Riau,Batam,Geografi,Indonesia,Butuh mentor untuk belajar cybersecurity di Batam yang praktis dan berpengalaman,"Mengajar geografi untuk SMA, berpengalaman 4 tahun dengan pendekatan praktis dan visual.",3,0
78,Perempuan,S1,Sumatera Barat,Padang,Matematika,Indonesia,Ingin belajar blockchain di Padang dengan tutor yang bisa mengajar secara praktis,"Mengajar matematika dengan fokus pada konsep dan aplikasi, berpengalaman 5 tahun.",3,0
79,Laki-laki,S2,Kalimantan Barat,Pontianak,DevOps,Inggris,Mencari tutor untuk belajar DevOps di Pontianak dengan pendekatan praktis,"Berpengalaman mengajar DevOps selama 5 tahun, fokus pada implementasi praktis.",4,1
80,Perempuan,S3,Sulawesi Utara,Manado,Natural Language Processing,Indonesia,Saya ingin belajar NLP di Manado dengan tutor yang berpengalaman di industri,"Mengajar NLP dengan pengalaman 6 tahun, berfokus pada aplikasi industri.",4,1
81,Laki-laki,S2,DKI Jakarta,Jakarta Pusat,Data Science,Indonesia,Saya membutuhkan mentor untuk belajar data science di Jakarta dengan pendekatan praktis,Berpengalaman mengajar data science selama 5 tahun dengan fokus pada proyek praktis.,4,1
82,Perempuan,S3,Jawa Barat,Bandung,Machine Learning,Inggris,Ingin belajar machine learning di Bandung dengan mentor yang interaktif dan berpengalaman,"Mengajar machine learning dengan metode interaktif, berpengalaman selama 6 tahun.",4,1
83,Laki-laki,S1,Jawa Timur,Surabaya,Web Development,Indonesia,Mencari tutor untuk belajar pemrograman web di Surabaya yang dapat mengajar dengan studi kasus,"Mengajar pemrograman web dengan studi kasus, berpengalaman mengajar selama 4 tahun.",4,1
84,Perempuan,S2,Daerah Istimewa Yogyakarta,Yogyakarta,Digital Marketing,Indonesia,Butuh mentor untuk belajar digital marketing di Yogyakarta yang praktis dan langsung ke praktek,"Mengajar digital marketing dengan pendekatan praktis, pengalaman 5 tahun di industri.",4,1
85,Laki-laki,S3,Sumatera Utara,Medan,Data Analysis,Inggris,Mencari tutor untuk belajar data analysis di Medan dengan metode visual dan interaktif,"Mengajar data analysis dengan metode visual, pengalaman 7 tahun di berbagai proyek.",4,1
86,Perempuan,S1,Jawa Tengah,Semarang,SEO,Indonesia,Saya ingin belajar SEO dengan tutor yang berpengalaman di Semarang,"Mengajar SEO untuk bisnis online, berpengalaman 4 tahun, fokus pada strategi praktis.",4,0
87,Laki-laki,S2,Sulawesi Selatan,Makassar,Public Speaking,Indonesia,Mencari tutor untuk belajar public speaking di Makassar yang ramah dan berpengalaman,"Berpengalaman mengajar public speaking selama 5 tahun, fokus pada teknik presentasi.",4,0
88,Perempuan,S1,Bali,Denpasar,Digital Art,Indonesia,Ingin belajar seni digital dengan tutor di Denpasar yang kreatif dan inspiratif,"Mengajar seni digital dengan pengalaman 3 tahun, menggunakan alat digital modern.",4,0
89,Laki-laki,S3,Kalimantan Timur,Balikpapan,Cloud Computing,Inggris,Butuh mentor untuk belajar cloud computing di Balikpapan dengan pendekatan proyek,"Mengajar cloud computing dengan fokus pada proyek praktis, pengalaman 6 tahun.",4,0
90,Perempuan,S1,Sumatera Selatan,Palembang,Photography,Indonesia,Saya ingin belajar fotografi di Palembang dengan tutor yang praktis dan ramah,"Mengajar fotografi dengan pengalaman 4 tahun, fokus pada teknik fotografi dasar.",4,0
91,Laki-laki,S2,Kalimantan Selatan,Banjarmasin,Economics,Indonesia,Mencari tutor untuk belajar ekonomi di Banjarmasin yang bisa mengajar dengan kasus nyata,"Mengajar ekonomi dengan pendekatan kasus nyata, pengalaman 5 tahun di bidangnya.",4,0
92,Perempuan,S2,Jawa Timur,Malang,Graphic Design,Indonesia,Ingin belajar graphic design dengan tutor yang berpengalaman di Malang,"Mengajar graphic design dengan fokus pada aplikasi praktis, pengalaman 4 tahun.",4,0
93,Laki-laki,S3,Jawa Barat,Depok,Artificial Intelligence,Indonesia,Butuh mentor untuk belajar artificial intelligence di Depok dengan pendekatan praktis,"Berpengalaman mengajar AI selama 8 tahun, fokus pada proyek praktis dan real-world applications.",3,1
94,Perempuan,S2,Jawa Barat,Bekasi,Deep Learning,Inggris,Mencari tutor untuk belajar deep learning di Bekasi yang bisa mengajar dengan studi kasus,"Mengajar deep learning dengan metode studi kasus, berpengalaman 5 tahun di industri.",4,1
95,Laki-laki,S2,Jawa Tengah,Surakarta,Computer Vision,Indonesia,Saya ingin belajar computer vision di Solo dengan tutor yang berpengalaman,"Mengajar computer vision dengan pengalaman 6 tahun, menggunakan proyek praktis.",4,1
96,Perempuan,S1,Banten,Tangerang,UX/UI Design,Indonesia,Mencari tutor untuk belajar UX/UI design di Tangerang yang kreatif dan inovatif,"Mengajar UX/UI design dengan fokus pada kreativitas dan inovasi, pengalaman 3 tahun.",4,0
97,Laki-laki,S2,Kepulauan Riau,Batam,Cybersecurity,Indonesia,Butuh mentor untuk belajar cybersecurity di Batam yang praktis dan berpengalaman,"Mengajar cybersecurity dengan pendekatan praktis, pengalaman 6 tahun di industri.",4,0
98,Perempuan,S1,Sumatera Barat,Padang,Blockchain,Indonesia,Ingin belajar blockchain di Padang dengan tutor yang bisa mengajar secara praktis,"Mengajar blockchain dengan fokus pada aplikasi praktis, berpengalaman 4 tahun di proyek.",4,1
99,Laki-laki,S2,Kalimantan Barat,Pontianak,DevOps,Inggris,Mencari tutor untuk belajar DevOps di Pontianak dengan pendekatan praktis,"Berpengalaman mengajar DevOps selama 5 tahun, fokus pada implementasi praktis.",4,1
100,Perempuan,S3,Sulawesi Utara,Manado,Natural Language Processing,Indonesia,Saya ingin belajar NLP di Manado dengan tutor yang berpengalaman di industri,"Mengajar NLP dengan pengalaman 6 tahun, berfokus pada aplikasi industri.",4,1
101,Laki-laki,SMA,Daerah Istimewa Yogyakarta,Yogyakarta,Matematika,Inggris,"Tutor yang berpengalaman, komunikatif, dan menguasai materi dengan baik.","Komunikatif,  menguasai materi,  sabar,  telaten,  dapat memotivasi siswa",4,
102,Perempuan,S1,Jawa Tengah,Solo,Fisika,Indonesia,Telaten dalam memberikan bimbingan individual kepada siswa yang membutuhkan,Memiliki integritas tinggi dan menjaga standar etika serta profesionalisme dalam lingkungan pembelajaran,3,
103,Laki-laki,S2,Jawa Tengah,Magelang,Biologi,Inggris,"Mampu menciptakan lingkungan belajar yang inklusif,  menghargai keragaman,  dan mendorong kolaborasi antara siswa",Fleksibel dan responsif terhadap kebutuhan individual serta gaya belajar siswa,4,
104,Perempuan,S1,Daerah Istimewa Yogyakarta,Yogyakarta,Kimia,Indonesia dan Inggris,Mampu menciptakan lingkungan belajar yang inklusif dan mendukung kolaborasi antar siswa,Telaten dalam memberikan bimbingan individual serta umpan balik yang konstruktif untuk meningkatkan pemahaman siswa,4,
105,Laki-laki,SMA,Jawa Tengah,Solo,Matematika dan Fisika,Indonesia,Fleksibel dalam menyampaikan materi sesuai dengan gaya belajar siswa,Memiliki pemahaman mendalam serta keahlian yang kuat dalam materi yang diajarkan,4,
106,Perempuan,S1,Jawa Tengah,Magelang,Biologi dan Kimia,Indonesia,Telaten dalam memberikan bimbingan individual serta umpan balik yang konstruktif untuk meningkatkan pemahaman siswa,"Sehat jasmani & rohani,  sabar,  memiliki pengalaman sukses mendampingi peserta yang lolos SNBT,  dan komunikatif",3,
107,Laki-laki,S2,Daerah Istimewa Yogyakarta,Yogyakarta,Kimia,Inggris," Berpengalaman dalam mengajar dengan pendekatan yang interaktif,  memperhatikan kemajuan siswa secara personal,  dan mendukung perkembangan mereka secara holistik","Bersikap komunikatif,  ramah,  dan mudah didekati oleh siswa",4,
108,Perempuan,SMA,Jawa Tengah,Solo,Matematika,Indonesia dan Inggris,Fleksibel dalam menyusun strategi pembelajaran yang sesuai dengan kebutuhan dan gaya belajar siswa,Fleksibel dalam menyampaikan materi sesuai dengan gaya belajar siswa,5,
109,Laki-laki,S1,Jawa Tengah,Magelang,Fisika,Indonesia,Telaten dalam memberikan bimbingan individual kepada siswa yang membutuhkan,"Berpengalaman dalam memberikan penjelasan yang jelas,  interaktif,  dan mendukung kemajuan siswa",4,
110,Perempuan,S2,Daerah Istimewa Yogyakarta,Yogyakarta,Biologi,Indonesia dan Inggris,Memiliki penguasaan materi yang mendalam dan mampu menjelaskan konsep-konsep yang kompleks dengan cara yang mudah dipahami,"Energetik,  kreatif,  dan selalu memberikan dorongan positif kepada siswa dalam proses pembelajaran",4,
111,Laki-laki,SMA,Jawa Tengah,Solo,Kimia,Inggris,"Berpengalaman dalam memberikan penjelasan yang jelas, interaktif, dan mendukung kemajuan siswa",Telaten dalam memberikan umpan balik konstruktif untuk memperbaiki pemahaman siswa,4,
112,Perempuan,S1,Jawa Tengah,Magelang,Matematika dan Fisika,Indonesia dan Inggris,Memiliki pemahaman mendalam serta keahlian yang kuat dalam materi yang diajarkan,Energetik dan dinamis dalam menyampaikan materi agar menarik perhatian siswa,4,
113,Laki-laki,SMA,Daerah Istimewa Yogyakarta,Yogyakarta,Biologi dan Kimia,Indonesia dan Inggris," Bersikap komunikatif,  ramah,  dan bersikap hangat terhadap siswa","Fleksibel dalam metode pengajaran,  adaptif terhadap kebutuhan siswa,  serta memberikan dukungan ekstra saat diperlukan",4,
114,Perempuan,S2,Jawa Tengah,Solo,Matematika,Indonesia,Memiliki kreativitas dalam merancang aktivitas pembelajaran yang menarik dan relevan dengan kehidupan sehari-hari,Berpengalaman dalam mengajar dengan pendekatan interaktif yang mendukung kemajuan siswa secara individu,4,
115,Laki-laki,S1,Jawa Tengah,Magelang,Fisika,Inggris,"Ahli dalam materi yang diajarkan,  mampu menjelaskan dengan sederhana,  sopan,  tegas,  dan memiliki kemampuan komunikasi yang baik","Mampu menciptakan lingkungan belajar yang aman,  inklusif,  dan mendorong kolaborasi antar siswa",3,
116,Perempuan,SMA,Daerah Istimewa Yogyakarta,Yogyakarta,Biologi,Indonesia dan Inggris,"Bersikap komunikatif,  ramah,  dan mudah didekati oleh siswa",Telaten dalam memberikan bimbingan individual kepada siswa yang membutuhkan,4,
117,Laki-laki,S2,Jawa Tengah,Solo,Kimia,Indonesia dan Inggris,Berpengalaman dalam mengajar siswa dari berbagai tingkatan kemampuan dan latar belakang,Mampu menciptakan lingkungan belajar yang inklusif dan mendukung kolaborasi antar siswa,3,
118,Perempuan,SMA,Jawa Tengah,Magelang,Matematika dan Fisika,Indonesia dan Inggris," Menginspirasi siswa untuk belajar,  memberikan penjelasan yang menarik dan relevan dengan kehidupan sehari-hari",Mendorong siswa untuk mencapai potensi maksimal mereka melalui motivasi dan dorongan positif,4,
119,Laki-laki,S1,Daerah Istimewa Yogyakarta,Yogyakarta,Biologi,Indonesia,Memiliki passion dalam mengajar dan selalu bersemangat untuk membantu siswa belajar,Fleksibel dalam menyusun strategi pembelajaran yang sesuai dengan kebutuhan dan gaya belajar siswa,4,
120,Perempuan,S2,Jawa Tengah,Solo,Kimia,Inggris,Mampu menilai dan mengevaluasi pembelajaran siswa dengan baik,"Komunikatif,  memiliki pemahaman mendalam terhadap materi,  sabar,  telaten,  dan mampu menginspirasi siswa",4,
121,Laki-laki,SMA,Jawa Tengah,Magelang,Fisika,Indonesia dan Inggris,"Berpengalaman dalam memberikan penjelasan yang jelas,  interaktif,  dan mendukung kemajuan siswa","Ahli dalam materi yang diajarkan,  mampu menjelaskan dengan sederhana,  sopan,  tegas,  dan memiliki kemampuan komunikasi yang baik",4,
122,Perempuan,S1,Daerah Istimewa Yogyakarta,Yogyakarta,Biologi,Indonesia dan Inggris,"Mampu menciptakan lingkungan belajar yang inklusif,  menghargai keragaman,  dan mendorong kolaborasi antar siswa","Kemampuan menjelaskan yang mudah dipahami,  menguasai materi,  disiplin,  berpengalaman dalam mengajar,  dan memiliki kesabaran",3,
123,Laki-laki,S2,Jawa Tengah,Solo,Kimia,Inggris,Memiliki kemampuan komunikasi yang baik dan sabar dalam membantu siswa,"Kesehatan jasmani dan rohani yang baik,  kesabaran,  pengalaman dalam membimbing peserta yang berhasil dalam ujian SNBT,  serta memiliki kemampuan komunikasi yang baik",4,
124,Perempuan,SMA,Jawa Tengah,Magelang,Matematika,Indonesia,Memiliki sertifikasi mengajar internasional,Fleksibel dalam menyampaikan materi sesuai dengan gaya belajar siswa,3,
125,Laki-laki,S1,Daerah Istimewa Yogyakarta,Yogyakarta,Fisika,Indonesia dan Inggris,Energetik dan dinamis dalam menyampaikan materi agar menarik perhatian siswa,"Mampu menciptakan lingkungan belajar yang inklusif,  menghargai keragaman,  dan mendorong kolaborasi antara siswa",4,
126,Perempuan,S2,Jawa Tengah,Solo,Biologi,Inggris,Selalu up-to-date dengan perkembangan teknologi dan menggunakan teknologi dalam proses belajar mengajar,Telaten dalam memberikan bimbingan individual serta umpan balik yang konstruktif untuk meningkatkan pemahaman siswa,4,
127,Laki-laki,SMA,Jawa Tengah,Magelang,Kimia,Indonesia,Fleksibel dalam menyusun strategi pembelajaran yang sesuai dengan kebutuhan dan gaya belajar siswa,"Berpengalaman dalam mengajar dengan pendekatan yang interaktif,  memperhatikan kemajuan siswa secara personal,  dan mendukung perkembangan mereka secara holistik",4,
128,Perempuan,S1,Daerah Istimewa Yogyakarta,Yogyakarta,Matematika dan Fisika,Indonesia dan Inggris,"Menjaga integritas tinggi dalam menjalankan tugasnya,  mematuhi standar etika,  dan menunjukkan profesionalisme dalam setiap interaksi dengan siswa dan lingkungan pembelajaran","Menjaga integritas tinggi dalam menjalankan tugasnya,  mematuhi standar etika,  dan menunjukkan profesionalisme dalam setiap interaksi dengan siswa dan lingkungan pembelajaran",5,
129,Laki-laki,S2,Jawa Tengah,Solo,Biologi,Inggris,Telaten dalam memberikan umpan balik konstruktif untuk memperbaiki pemahaman siswa,Energetik dan dinamis dalam menyampaikan materi agar menarik perhatian siswa,4,
130,Perempuan,SMA,Jawa Tengah,Magelang,Kimia,Indonesia,Energetik dan dinamis dalam menyampaikan materi agar menarik perhatian siswa,"Bersikap komunikatif,  ramah,  dan mudah didekati oleh siswa",4,
131,Laki-laki,S1,Daerah Istimewa Yogyakarta,Yogyakarta,Matematika,Indonesia dan Inggris,Mendorong siswa untuk mencapai potensi maksimal mereka melalui dorongan positif dan motivasi yang berkelanjutan,Memiliki pemahaman mendalam serta keahlian yang kuat dalam materi yang diajarkan,3,
132,Perempuan,S2,Jawa Tengah,Solo,Fisika,Indonesia,"Berpengalaman dalam memberikan penjelasan yang jelas, interaktif, dan mendukung kemajuan siswa",Telaten dalam memberikan umpan balik konstruktif untuk memperbaiki pemahaman siswa,4,
133,Laki-laki,SMA,Jawa Tengah,Magelang,Biologi dan Kimia,Inggris,"Menjaga integritas tinggi dalam menjalankan tugasnya,  mematuhi standar etika,  dan menunjukkan profesionalisme dalam setiap interaksi dengan siswa dan lingkungan pembelajaran","Energetik,  kreatif,  dan selalu memberikan dorongan positif kepada siswa dalam proses pembelajaran",3,
134,Perempuan,S1,Daerah Istimewa Yogyakarta,Yogyakarta,Matematika dan Fisika,Indonesia dan Inggris,Telaten dalam memberikan bimbingan individual kepada siswa yang membutuhkan,Fleksibel dalam menyampaikan materi sesuai dengan gaya belajar siswa,4,
135,Laki-laki,S2,Jawa Tengah,Solo,Kimia,Inggris,Berpengalaman dalam mengajar siswa dari berbagai tingkatan kemampuan dan latar belakang,"Berpengalaman dalam memberikan penjelasan yang jelas,  interaktif,  dan mendukung kemajuan siswa",4,
136,Perempuan,SMA,Jawa Tengah,Magelang,Biologi,Indonesia dan Inggris,Mampu menjalin komunikasi yang baik dengan orang tua siswa dan memberikan dukungan belajar yang maksimal,"Mampu menciptakan lingkungan belajar yang aman,  inklusif,  dan mendorong kolaborasi antar siswa",4,
137,Laki-laki,S1,Daerah Istimewa Yogyakarta,Yogyakarta,Fisika,Indonesia,"Mampu mengajar dengan berbagai metode pembelajaran, seperti ceramah, diskusi, presentasi, dan praktikum",Telaten dalam memberikan bimbingan individual kepada siswa yang membutuhkan,3,
138,Perempuan,S2,Jawa Tengah,Solo,Kimia,Indonesia dan Inggris,Fleksibel dalam menyampaikan materi sesuai dengan gaya belajar siswa,Mampu menciptakan lingkungan belajar yang inklusif dan mendukung kolaborasi antar siswa,4,
139,Laki-laki,SMA,Jawa Tengah,Magelang,Matematika dan Fisika,Indonesia dan Inggris,Mendorong siswa untuk mencapai potensi maksimal mereka melalui motivasi dan dorongan positif,Mendorong siswa untuk mencapai potensi maksimal mereka melalui motivasi dan dorongan positif,5,
140,Perempuan,S1,Daerah Istimewa Yogyakarta,Yogyakarta,Biologi,Indonesia,"Mampu menciptakan lingkungan belajar yang aman,  inklusif,  dan mendorong kolaborasi antar siswa",Fleksibel dalam menyusun strategi pembelajaran yang sesuai dengan kebutuhan dan gaya belajar siswa,4,
141,Laki-laki,S2,Jawa Tengah,Solo,Kimia,Inggris,Selalu up-to-date dengan perkembangan teknologi dan menggunakan teknologi dalam proses belajar mengajar,"Komunikatif,  memiliki pemahaman mendalam terhadap materi,  sabar,  telaten,  dan mampu menginspirasi siswa",3,
142,Perempuan,SMA,Jawa Tengah,Magelang,Fisika,Indonesia dan Inggris,Mampu menciptakan lingkungan belajar yang inklusif dan mendukung kolaborasi antar siswa,"Ahli dalam materi yang diajarkan,  mampu menjelaskan dengan sederhana,  sopan,  tegas,  dan memiliki kemampuan komunikasi yang baik",3,
143,Laki-laki,S1,Daerah Istimewa Yogyakarta,Yogyakarta,Biologi,Indonesia dan Inggris,"Kemampuan menjelaskan yang mudah dipahami,  menguasai materi,  disiplin,  berpengalaman dalam mengajar,  dan memiliki kesabaran","Kemampuan menjelaskan yang mudah dipahami,  menguasai materi,  disiplin,  berpengalaman dalam mengajar,  dan memiliki kesabaran",5,
144,Perempuan,S2,Jawa Tengah,Solo,Kimia,Inggris,"Kesehatan jasmani dan rohani yang baik,  kesabaran,  pengalaman dalam membimbing peserta yang berhasil dalam ujian SNBT,  serta memiliki kemampuan komunikasi yang baik","Kesehatan jasmani dan rohani yang baik,  kesabaran,  pengalaman dalam membimbing peserta yang berhasil dalam ujian SNBT,  serta memiliki kemampuan komunikasi yang baik",5,
145,Laki-laki,SMA,Jawa Tengah,Magelang,Matematika,Indonesia,Memiliki pemahaman mendalam serta keahlian yang kuat dalam materi yang diajarkan,Fleksibel dalam menyampaikan materi sesuai dengan gaya belajar siswa,4,
146,Perempuan,S1,Daerah Istimewa Yogyakarta,Yogyakarta,Fisika,Indonesia dan Inggris,Komunikatif dan responsif terhadap pertanyaan serta kebutuhan individu siswa,"Mampu menciptakan lingkungan belajar yang inklusif,  menghargai keragaman,  dan mendorong kolaborasi antar siswa",4,
147,Laki-laki,S2,Jawa Tengah,Solo,Biologi,Inggris,Berpengalaman dalam mengajar dengan pendekatan interaktif yang mendukung kemajuan siswa secara individu,Telaten dalam memberikan bimbingan individual serta umpan balik yang konstruktif untuk meningkatkan pemahaman siswa,4,
148,Perempuan,SMA,Jawa Tengah,Magelang,Kimia,Indonesia,"Mampu menciptakan lingkungan belajar yang aman,  inklusif,  dan mendorong kolaborasi antar siswa",Berpengalaman dalam mengajar dengan pendekatan interaktif yang mendukung kemajuan siswa secara individu,4,
149,Laki-laki,S1,Daerah Istimewa Yogyakarta,Yogyakarta,Matematika dan Fisika,Indonesia dan Inggris,Telaten dalam memberikan bimbingan individual serta umpan balik yang konstruktif untuk meningkatkan pemahaman siswa,"Menjaga integritas tinggi dalam menjalankan tugasnya,  mematuhi standar etika,  dan menunjukkan profesionalisme dalam setiap interaksi dengan siswa dan lingkungan pembelajaran",3,
150,Perempuan,S2,Jawa Tengah,Solo,Biologi,Inggris,Berpengalaman dalam mengajar dengan pendekatan interaktif yang mendukung kemajuan siswa secara individu,Energetik dan dinamis dalam menyampaikan materi agar menarik perhatian siswa,4,
151,Laki-laki,SMA,Jawa Tengah,Magelang,Kimia,Indonesia,Menyediakan umpan balik konstruktif untuk membantu siswa memperbaiki pemahaman mereka,"Bersikap komunikatif,  ramah,  dan mudah didekati oleh siswa",4,
152,Perempuan,S1,Daerah Istimewa Yogyakarta,Yogyakarta,Fisika,Indonesia dan Inggris,Energetik dan dinamis dalam menyampaikan materi agar menarik perhatian siswa,Memiliki pemahaman mendalam serta keahlian yang kuat dalam materi yang diajarkan,4,
153,Laki-laki,S2,Jawa Tengah,Solo,Biologi,Indonesia,"Berpengalaman dalam memberikan penjelasan yang jelas, interaktif, dan mendukung kemajuan siswa",Telaten dalam memberikan umpan balik konstruktif untuk memperbaiki pemahaman siswa,4,
154,Perempuan,SMA,Jawa Tengah,Magelang,Kimia,Inggris,Menyediakan bimbingan yang terstruktur serta memberikan dorongan positif untuk meningkatkan kepercayaan diri siswa,"Energetik,  kreatif,  dan selalu memberikan dorongan positif kepada siswa dalam proses pembelajaran",5,
155,Laki-laki,S1,Daerah Istimewa Yogyakarta,Yogyakarta,Matematika dan Fisika,Indonesia dan Inggris,Memiliki kemampuan komunikasi yang baik dan sabar dalam membantu siswa,Fleksibel dalam menyampaikan materi sesuai dengan gaya belajar siswa,4,
156,Perempuan,S2,Jawa Tengah,Solo,Biologi,Inggris,Fleksibel dan responsif terhadap kebutuhan individual serta gaya belajar siswa,"Berpengalaman dalam memberikan penjelasan yang jelas,  interaktif,  dan mendukung kemajuan siswa",4,
157,Laki-laki,SMA,Jawa Tengah,Magelang,Kimia,Indonesia dan Inggris,Telaten dalam memberikan bimbingan individual serta umpan balik yang konstruktif untuk meningkatkan pemahaman siswa,"Mampu menciptakan lingkungan belajar yang aman,  inklusif,  dan mendorong kolaborasi antar siswa",4,
158,Perempuan,S1,Daerah Istimewa Yogyakarta,Yogyakarta,Matematika,Indonesia,Memiliki integritas tinggi dan menjaga standar etika serta profesionalisme dalam lingkungan pembelajaran,Telaten dan Responsif terhadap pertanyaan serta kebutuhan individu siswa,3,
159,Laki-laki,SMA,Jawa Tengah,Magelang,Biologi,Indonesia,Mampu menciptakan suasana belajar yang kondusif dan menyenangkan bagi siswa,Memiliki kreativitas dalam merancang aktivitas pembelajaran yang menarik dan relevan dengan kehidupan sehari-hari,4,
160,Perempuan,S1,Daerah Istimewa Yogyakarta,Yogyakarta,Kimia,Inggris,Memiliki integritas tinggi dalam menjaga standar etika serta profesionalisme dalam lingkungan pembelajaran,Telaten dalam memberikan bimbingan individual kepada siswa yang membutuhkan,3,
161,Laki-laki,S2,Jawa Tengah,Solo,Matematika dan Fisika,Indonesia,Memiliki pemahaman mendalam serta keahlian yang kuat dalam materi yang diajarkan,Memiliki integritas tinggi dalam menjaga standar etika serta profesionalisme dalam lingkungan pembelajaran,4,
162,Perempuan,SMA,Jawa Tengah,Magelang,Biologi,Indonesia dan Inggris," Bersikap komunikatif,  ramah,  dan bersikap hangat terhadap siswa",Berpengalaman dalam mengajar dengan pendekatan yang interaktif dan mendukung kemajuan siswa secara personal,4,
163,Laki-laki,S1,Daerah Istimewa Yogyakarta,Yogyakarta,Kimia,Inggris,Memiliki pengalaman mengajar di luar negeri,Menyediakan umpan balik konstruktif untuk membantu siswa memperbaiki pemahaman mereka,3,
164,Perempuan,S2,Jawa Tengah,Solo,Matematika dan Fisika,Indonesia,Memiliki kreativitas dalam merancang aktivitas pembelajaran yang menarik dan relevan dengan kehidupan sehari-hari,Energetik dan dinamis dalam menyampaikan materi agar menarik perhatian siswa,4,
165,Laki-laki,SMA,Jawa Tengah,Magelang,Biologi,Inggris,"Bersikap komunikatif,  ramah,  dan mudah didekati oleh siswa"," Bersikap komunikatif,  ramah,  dan bersikap hangat terhadap siswa",5,
166,Perempuan,S1,Daerah Istimewa Yogyakarta,Yogyakarta,Kimia,Indonesia dan Inggris,"Berpengalaman dalam memberikan penjelasan yang jelas,  interaktif,  dan mendukung kemajuan siswa",Memiliki pemahaman yang mendalam terhadap materi yang diajarkan,4,
167,Laki-laki,S2,Jawa Tengah,Solo,Matematika,Indonesia,Fleksibel dalam menyampaikan materi sesuai dengan gaya belajar siswa,Fleksibel dan responsif terhadap kebutuhan individual serta gaya belajar siswa,5,
168,Perempuan,SMA,Jawa Tengah,Magelang,Fisika,Inggris,Mampu membangun hubungan yang baik dengan siswa dan menciptakan lingkungan belajar yang positif,Mendorong siswa untuk mencapai potensi maksimal mereka melalui dorongan positif dan motivasi yang berkelanjutan,4,
169,Laki-laki,S1,Daerah Istimewa Yogyakarta,Yogyakarta,Biologi,Indonesia dan Inggris,"Bersikap komunikatif,  ramah,  dan mudah didekati oleh siswa",Memiliki kemampuan komunikasi yang baik untuk menjelaskan konsep-konsep yang kompleks dengan cara yang mudah dipahami,4,
170,Perempuan,S2,Jawa Tengah,Solo,Kimia,Indonesia,Memiliki kecerdasan emosional yang tinggi dan mampu memberikan dukungan emosional kepada siswa," Berpengalaman dalam mengajar dengan pendekatan yang interaktif,  memperhatikan kemajuan siswa secara personal,  dan mendukung perkembangan mereka secara holistik",4,
171,Laki-laki,SMA,Jawa Tengah,Magelang,Matematika,Indonesia dan Inggris,"Sehat jasmani & rohani,  sabar,  memiliki pengalaman sukses mendampingi peserta yang lolos SNBT,  dan komunikatif",Menyediakan bimbingan yang terstruktur serta memberikan dorongan positif untuk meningkatkan kepercayaan diri siswa,3,
172,Perempuan,S1,Daerah Istimewa Yogyakarta,Yogyakarta,Fisika,Indonesia,Mendorong siswa untuk mencapai potensi maksimal mereka melalui motivasi dan dorongan positif,Komunikatif dan responsif terhadap pertanyaan serta kebutuhan individu siswa,4,
173,Laki-laki,S2,Jawa Tengah,Solo,Biologi,Inggris,Memiliki kemampuan komunikasi yang baik untuk menjelaskan konsep-konsep yang kompleks dengan cara yang mudah dipahami,Memiliki kreativitas dalam merancang aktivitas pembelajaran yang menarik dan relevan dengan kehidupan sehari-hari,4,
174,Perempuan,SMA,Jawa Tengah,Magelang,Kimia,Indonesia,Memiliki pemahaman yang mendalam terhadap materi yang diajarkan,Telaten dalam memberikan bimbingan individual kepada siswa yang membutuhkan,4,
175,Laki-laki,S1,Daerah Istimewa Yogyakarta,Yogyakarta,Matematika dan Fisika,Indonesia dan Inggris,Telaten dalam memberikan umpan balik konstruktif untuk memperbaiki pemahaman siswa,Memiliki integritas tinggi dalam menjaga standar etika serta profesionalisme dalam lingkungan pembelajaran,4,
176,Perempuan,S2,Jawa Tengah,Solo,Biologi,Indonesia dan Inggris,Memiliki integritas tinggi dan menjaga standar etika serta profesionalisme dalam lingkungan pembelajaran,Berpengalaman dalam mengajar dengan pendekatan yang interaktif dan mendukung kemajuan siswa secara personal,4,
177,Laki-laki,SMA,Jawa Tengah,Magelang,Kimia,Inggris,Telaten dalam memberikan bimbingan individual kepada siswa yang membutuhkan,Menyediakan umpan balik konstruktif untuk membantu siswa memperbaiki pemahaman mereka,4,
178,Perempuan,S1,Daerah Istimewa Yogyakarta,Yogyakarta,Matematika dan Fisika,Indonesia,Telaten dalam memberikan bimbingan individual kepada siswa yang membutuhkan,Energetik dan dinamis dalam menyampaikan materi agar menarik perhatian siswa,4,
179,Laki-laki,S2,Jawa Tengah,Solo,Biologi,Inggris,Memiliki penguasaan materi yang mendalam dan mampu menjelaskan konsep-konsep yang kompleks dengan cara yang mudah dipahami," Bersikap komunikatif,  ramah,  dan bersikap hangat terhadap siswa",3,
180,Perempuan,SMA,Jawa Tengah,Magelang,Kimia,Indonesia dan Inggris,Memiliki kreativitas dalam merancang aktivitas pembelajaran yang menarik dan relevan dengan kehidupan sehari-hari,Memiliki pemahaman yang mendalam terhadap materi yang diajarkan,4,
181,Laki-laki,S1,Daerah Istimewa Yogyakarta,Yogyakarta,Matematika,Indonesia,Memiliki kemampuan komunikasi yang baik untuk menjelaskan konsep-konsep yang kompleks dengan cara yang mudah dipahami,Fleksibel dan responsif terhadap kebutuhan individual serta gaya belajar siswa,3,
182,Perempuan,S2,Jawa Tengah,Solo,Fisika,Inggris,Memiliki pemahaman yang mendalam terhadap materi yang diajarkan,Mendorong siswa untuk mencapai potensi maksimal mereka melalui dorongan positif dan motivasi yang berkelanjutan,3,
183,Laki-laki,SMA,Jawa Tengah,Magelang,Biologi,Indonesia dan Inggris,Telaten dalam memberikan bimbingan individual kepada siswa yang membutuhkan,Memiliki kemampuan komunikasi yang baik untuk menjelaskan konsep-konsep yang kompleks dengan cara yang mudah dipahami,3,
184,Perempuan,S1,Daerah Istimewa Yogyakarta,Yogyakarta,Kimia,Indonesia,Telaten dalam memberikan umpan balik konstruktif untuk memperbaiki pemahaman siswa," Berpengalaman dalam mengajar dengan pendekatan yang interaktif,  memperhatikan kemajuan siswa secara personal,  dan mendukung perkembangan mereka secara holistik",4,
185,Laki-laki,S2,Jawa Tengah,Solo,Matematika,Indonesia dan Inggris,Telaten dalam memberikan umpan balik konstruktif untuk memperbaiki pemahaman siswa,Menyediakan bimbingan yang terstruktur serta memberikan dorongan positif untuk meningkatkan kepercayaan diri siswa,5,
186,Perempuan,SMA,Jawa Tengah,Magelang,Fisika,Indonesia,Memiliki keseimbangan antara kecerdasan emosional dan keahlian teknis dalam memberikan dukungan kepada siswa,Komunikatif dan responsif terhadap pertanyaan serta kebutuhan individu siswa,4,
187,Laki-laki,S1,Daerah Istimewa Yogyakarta,Yogyakarta,Biologi,Inggris,"Berpengalaman dalam mengajar dengan pendekatan yang interaktif,  memperhatikan kemajuan siswa secara personal,  dan mendukung perkembangan mereka secara holistik",Memiliki kreativitas dalam merancang aktivitas pembelajaran yang menarik dan relevan dengan kehidupan sehari-hari,4,
188,Perempuan,S2,Jawa Tengah,Solo,Kimia,Indonesia,"Kesehatan jasmani dan rohani yang baik,  kesabaran,  pengalaman dalam membimbing peserta yang berhasil dalam ujian SNBT,  serta memiliki kemampuan komunikasi yang baik",Telaten dalam memberikan bimbingan individual kepada siswa yang membutuhkan,4,
189,Laki-laki,SMA,Jawa Tengah,Magelang,Matematika,Inggris,"Kemampuan menjelaskan yang mudah dipahami,  menguasai materi,  disiplin,  berpengalaman dalam mengajar,  dan memiliki kesabaran",Memiliki kecerdasan emosional yang tinggi dan mampu memberikan dukungan emosional kepada siswa,4,
190,Perempuan,S1,Daerah Istimewa Yogyakarta,Yogyakarta,Fisika,Indonesia dan Inggris,Mampu menciptakan suasana belajar yang kondusif dan menyenangkan bagi siswa," Menginspirasi siswa untuk belajar,  memberikan penjelasan yang menarik dan relevan dengan kehidupan sehari-hari",4,
191,Laki-laki,S2,Jawa Tengah,Solo,Biologi,Inggris,"Mampu menggunakan berbagai media pembelajaran, seperti buku teks, video, dan audio",Fleksibel dalam menyusun strategi pembelajaran yang sesuai dengan kebutuhan dan gaya belajar siswa,4,
192,Perempuan,SMA,Jawa Tengah,Magelang,Kimia,Indonesia,"Berpengalaman dalam memberikan penjelasan yang jelas,  interaktif,  dan mendukung kemajuan siswa",Telaten dalam memberikan umpan balik konstruktif untuk memperbaiki pemahaman siswa,4,
193,Laki-laki,S1,Daerah Istimewa Yogyakarta,Yogyakarta,Matematika dan Fisika,Indonesia dan Inggris,Energetik dan dinamis dalam menyampaikan materi agar menarik perhatian siswa,Memiliki keseimbangan antara kecerdasan emosional dan keahlian teknis dalam memberikan dukungan kepada siswa,4,
194,Perempuan,S2,Jawa Tengah,Solo,Biologi,Inggris," Berpengalaman dalam mengajar dengan pendekatan yang interaktif,  memperhatikan kemajuan siswa secara personal,  dan mendukung perkembangan mereka secara holistik"," Mampu menciptakan lingkungan belajar yang aman,  inklusif,  dan mendukung kolaborasi antar siswa",4,
195,Laki-laki,SMA,Jawa Tengah,Magelang,Kimia,Indonesia,Menyediakan bimbingan yang terstruktur serta memberikan dorongan positif untuk meningkatkan kepercayaan diri siswa,Komunikatif dan responsif terhadap pertanyaan serta kebutuhan individu siswa,4,
196,Perempuan,S1,Daerah Istimewa Yogyakarta,Yogyakarta,Fisika,Indonesia dan Inggris,Komunikatif dan responsif terhadap pertanyaan serta kebutuhan individu siswa,Memiliki kreativitas dalam merancang aktivitas pembelajaran yang menarik dan relevan dengan kehidupan sehari-hari,4,
197,Laki-laki,S2,Jawa Tengah,Solo,Biologi,Inggris,Memiliki pemahaman mendalam serta keahlian yang kuat dalam materi yang diajarkan,Telaten dalam memberikan bimbingan individual kepada siswa yang membutuhkan,4,
198,Perempuan,SMA,Jawa Tengah,Magelang,Kimia,Indonesia,Berpengalaman dalam mengajar dengan pendekatan yang interaktif dan mendukung kemajuan siswa secara personal,Memiliki integritas tinggi dan menjaga standar etika serta profesionalisme dalam lingkungan pembelajaran,4,
199,Laki-laki,S1,Daerah Istimewa Yogyakarta,Yogyakarta,Matematika dan Fisika,Indonesia dan Inggris,"Komunikatif,  memiliki pemahaman mendalam terhadap materi,  sabar,  telaten,  dan mampu menginspirasi siswa",Memiliki pemahaman mendalam serta keahlian yang kuat dalam materi yang diajarkan,4,
200,Perempuan,S2,Jawa Tengah,Solo,Biologi,Indonesia,Memiliki pengalaman mengajar di luar negeri,Memiliki kecerdasan emosional yang tinggi dan mampu memberikan dukungan emosional kepada siswa,3,
201,Perempuan,S1,Jawa Tengah,Solo,Matematika,Indonesia dan Inggris,"Komunikatif,  memiliki pemahaman mendalam terhadap materi,  sabar,  telaten,  dan mampu menginspirasi siswa","Berpengalaman dalam memberikan penjelasan yang jelas, interaktif, dan mendukung kemajuan siswa",5,
202,Laki-laki,SMA,Daerah Istimewa Yogyakarta,Yogyakarta,Fisika,Indonesia,Berpengalaman dalam mengajar dengan pendekatan yang interaktif dan mendukung kemajuan siswa secara personal,Memiliki kemampuan komunikasi yang baik dan sabar dalam membantu siswa,4,
203,Perempuan,S2,Jawa Tengah,Magelang,Kimia,Indonesia dan Inggris,Fleksibel dan responsif terhadap kebutuhan individual serta gaya belajar siswa,"Mampu mengajar dengan metode yang kreatif dan inovatif, serta selalu mengikuti perkembangan kurikulum terbaru",4,
204,Perempuan,S1,Jawa Tengah,Solo,Biologi,Indonesia dan Inggris,Fleksibel dalam menyusun strategi pembelajaran yang sesuai dengan kebutuhan dan gaya belajar siswa,Memiliki passion dalam mengajar dan selalu bersemangat untuk membantu siswa belajar,4,
205,Laki-laki,SMA,Daerah Istimewa Yogyakarta,Yogyakarta,Matematika,Indonesia,Fleksibel dan responsif terhadap kebutuhan individual serta gaya belajar siswa,Berpengalaman dalam mengajar siswa dari berbagai tingkatan kemampuan dan latar belakang,4,
206,Perempuan,S2,Jawa Tengah,Magelang,Fisika,Indonesia dan Inggris,Mendorong siswa untuk mencapai potensi maksimal mereka melalui dorongan positif dan motivasi yang berkelanjutan,Memiliki penguasaan materi yang mendalam dan mampu menjelaskan konsep-konsep yang kompleks dengan cara yang mudah dipahami,3,
207,Laki-laki,S1,Jawa Tengah,Solo,Kimia,Indonesia dan Inggris,Memiliki integritas tinggi dalam menjaga standar etika serta profesionalisme dalam lingkungan pembelajaran,Mampu menciptakan suasana belajar yang kondusif dan menyenangkan bagi siswa,4,
208,Perempuan,SMA,Daerah Istimewa Yogyakarta,Yogyakarta,Biologi,Indonesia," Mampu menciptakan lingkungan belajar yang aman,  inklusif,  dan mendukung kolaborasi antar siswa",Selalu up-to-date dengan perkembangan teknologi dan menggunakan teknologi dalam proses belajar mengajar,4,
209,Perempuan,S2,Jawa Tengah,Magelang,Matematika,Indonesia dan Inggris,Memiliki komitmen yang tinggi terhadap profesi guru dan selalu berusaha untuk meningkatkan kualitas diri,Mampu menjalin komunikasi yang baik dengan orang tua siswa dan memberikan dukungan belajar yang maksimal,4,
210,Laki-laki,S1,Jawa Tengah,Solo,Matematika,Indonesia dan Inggris,"Mampu mengajar dengan metode yang kreatif dan inovatif, serta selalu mengikuti perkembangan kurikulum terbaru",Memiliki komitmen yang tinggi terhadap profesi guru dan selalu berusaha untuk meningkatkan kualitas diri,4,
211,Perempuan,SMA,Daerah Istimewa Yogyakarta,Yogyakarta,Fisika,Indonesia dan Inggris,Fleksibel dalam menyampaikan materi sesuai dengan gaya belajar siswa,Memiliki pengalaman mengajar di luar negeri,3,
212,Laki-laki,S2,Jawa Tengah,Magelang,Kimia,Indonesia dan Inggris,"Mampu menciptakan lingkungan belajar yang aman,  inklusif,  dan mendorong kolaborasi antar siswa",Memiliki sertifikasi mengajar internasional,3,
213,Perempuan,S1,Jawa Tengah,Solo,Biologi,Indonesia,Memiliki kecerdasan emosional yang tinggi dan mampu memberikan dukungan emosional kepada siswa,"Mampu mengajar dengan berbagai metode pembelajaran, seperti ceramah, diskusi, presentasi, dan praktikum",4,
214,Perempuan,SMA,Daerah Istimewa Yogyakarta,Yogyakarta,Matematika,Indonesia dan Inggris,Memiliki kreativitas dalam merancang aktivitas pembelajaran yang menarik dan relevan dengan kehidupan sehari-hari,"Mampu menggunakan berbagai media pembelajaran, seperti buku teks, video, dan audio",4,
215,Laki-laki,S2,Jawa Tengah,Magelang,Fisika,Indonesia,Mampu memotivasi siswa untuk belajar dan mencapai potensi terbaik mereka,Mampu menilai dan mengevaluasi pembelajaran siswa dengan baik,4,
216,Perempuan,S1,Jawa Tengah,Solo,Kimia,Indonesia,Mampu memberikan umpan balik yang konstruktif kepada siswa,Mampu memberikan umpan balik yang konstruktif kepada siswa,5,
217,Perempuan,SMA,Daerah Istimewa Yogyakarta,Yogyakarta,Biologi,Indonesia,Mampu menjalin komunikasi yang baik dengan orang tua siswa dan memberikan dukungan belajar yang maksimal,Mampu memotivasi siswa untuk belajar dan mencapai potensi terbaik mereka,4,
218,Laki-laki,S2,Jawa Tengah,Magelang,Matematika,Indonesia,Energetik dan dinamis dalam menyampaikan materi agar menarik perhatian siswa,Mampu membangun hubungan yang baik dengan siswa dan menciptakan lingkungan belajar yang positif,4,
219,Laki-laki,S1,Jawa Tengah,Solo,Matematika,Indonesia dan Inggris,Menyediakan umpan balik konstruktif untuk membantu siswa memperbaiki pemahaman mereka,"Berpengalaman dalam memberikan penjelasan yang jelas, interaktif, dan mendukung kemajuan siswa",4,
220,Perempuan,SMA,Daerah Istimewa Yogyakarta,Yogyakarta,Fisika,Indonesia,"Energetik,  kreatif,  dan selalu memberikan dorongan positif kepada siswa dalam proses pembelajaran",Memiliki kemampuan komunikasi yang baik dan sabar dalam membantu siswa,4,
221,Perempuan,S1,Jawa Tengah,Solo,Kimia,Indonesia,Fleksibel dalam menyampaikan materi sesuai dengan gaya belajar siswa,"Berpengalaman dalam memberikan penjelasan yang jelas, interaktif, dan mendukung kemajuan siswa",4,
222,Laki-laki,SMA,Daerah Istimewa Yogyakarta,Yogyakarta,Biologi,Inggris,"Fleksibel dalam metode pengajaran,  adaptif terhadap kebutuhan siswa,  serta memberikan dukungan ekstra saat diperlukan",Memiliki kemampuan komunikasi yang baik dan sabar dalam membantu siswa,4,
223,Perempuan,S2,Jawa Tengah,Magelang,Matematika,Indonesia,"Mampu mengajar dengan berbagai metode pembelajaran, seperti ceramah, diskusi, presentasi, dan praktikum","Mampu mengajar dengan metode yang kreatif dan inovatif, serta selalu mengikuti perkembangan kurikulum terbaru",4,
224,Perempuan,S1,Jawa Tengah,Solo,Fisika,Indonesia dan Inggris,Memiliki passion dalam mengajar dan selalu bersemangat untuk membantu siswa belajar,Memiliki passion dalam mengajar dan selalu bersemangat untuk membantu siswa belajar,5,
225,Laki-laki,SMA,Daerah Istimewa Yogyakarta,Yogyakarta,Kimia,Indonesia,Komunikatif dan responsif terhadap pertanyaan serta kebutuhan individu siswa,Berpengalaman dalam mengajar siswa dari berbagai tingkatan kemampuan dan latar belakang,4,
226,Perempuan,S2,Jawa Tengah,Magelang,Biologi,Indonesia dan Inggris,"Energetik,  kreatif,  dan selalu memberikan dorongan positif kepada siswa dalam proses pembelajaran",Memiliki penguasaan materi yang mendalam dan mampu menjelaskan konsep-konsep yang kompleks dengan cara yang mudah dipahami,4,
227,Laki-laki,S1,Jawa Tengah,Solo,Matematika,Indonesia dan Inggris,"Ahli dalam materi yang diajarkan,  mampu menjelaskan dengan sederhana,  sopan,  tegas,  dan memiliki kemampuan komunikasi yang baik",Mampu menciptakan suasana belajar yang kondusif dan menyenangkan bagi siswa,3,
228,Perempuan,SMA,Daerah Istimewa Yogyakarta,Yogyakarta,Matematika,Indonesia dan Inggris,Memiliki komitmen yang tinggi terhadap profesi guru dan selalu berusaha untuk meningkatkan kualitas diri,Selalu up-to-date dengan perkembangan teknologi dan menggunakan teknologi dalam proses belajar mengajar,4,
229,Perempuan,S2,Jawa Tengah,Magelang,Fisika,Indonesia dan Inggris,Memiliki sertifikasi mengajar internasional,Mampu menjalin komunikasi yang baik dengan orang tua siswa dan memberikan dukungan belajar yang maksimal,3,
230,Laki-laki,S1,Jawa Tengah,Solo,Kimia,Indonesia dan Inggris,Telaten dan Responsif terhadap pertanyaan serta kebutuhan individu siswa,Memiliki komitmen yang tinggi terhadap profesi guru dan selalu berusaha untuk meningkatkan kualitas diri,3,
231,Perempuan,SMA,Daerah Istimewa Yogyakarta,Yogyakarta,Biologi,Indonesia dan Inggris,"Mampu menggunakan berbagai media pembelajaran, seperti buku teks, video, dan audio",Memiliki pengalaman mengajar di luar negeri,3,
232,Laki-laki,S2,Jawa Tengah,Magelang,Matematika,Indonesia,Memiliki kemampuan komunikasi yang baik dan sabar dalam membantu siswa,Memiliki sertifikasi mengajar internasional,3,
233,Perempuan,S1,Jawa Tengah,Solo,Fisika,Indonesia,"Energetik,  kreatif,  dan selalu memberikan dorongan positif kepada siswa dalam proses pembelajaran","Mampu mengajar dengan berbagai metode pembelajaran, seperti ceramah, diskusi, presentasi, dan praktikum",4,
234,Perempuan,SMA,Daerah Istimewa Yogyakarta,Yogyakarta,Kimia,Indonesia dan Inggris,"Mampu mengajar dengan metode yang kreatif dan inovatif, serta selalu mengikuti perkembangan kurikulum terbaru","Mampu menggunakan berbagai media pembelajaran, seperti buku teks, video, dan audio",4,
235,Laki-laki,S2,DKI Jakarta,Jakarta Pusat,Data Science,Indonesia,Saya membutuhkan mentor untuk belajar data science di Jakarta dengan pendekatan praktis,Berpengalaman mengajar data science selama 5 tahun dengan fokus pada proyek praktis.,4.5,
236,Perempuan,S3,Jawa Barat,Bandung,Machine Learning,Inggris,Ingin belajar machine learning di Bandung dengan mentor yang interaktif dan berpengalaman,"Mengajar machine learning dengan metode interaktif, berpengalaman selama 6 tahun.",4,
237,Laki-laki,S1,Jawa Timur,Surabaya,Web Development,Indonesia,Mencari tutor untuk belajar pemrograman web di Surabaya yang dapat mengajar dengan studi kasus,"Mengajar pemrograman web dengan studi kasus, berpengalaman mengajar selama 4 tahun.",4.2,
238,Perempuan,S2,Daerah Istimewa Yogyakarta,Yogyakarta,Digital Marketing,Indonesia,Butuh mentor untuk belajar digital marketing di Yogyakarta yang praktis dan langsung ke praktek,"Mengajar digital marketing dengan pendekatan praktis, pengalaman 5 tahun di industri.",4.7,
239,Laki-laki,S3,Sumatera Utara,Medan,Data Analysis,Inggris,Mencari tutor untuk belajar data analysis di Medan dengan metode visual dan interaktif,"Mengajar data analysis dengan metode visual, pengalaman 7 tahun di berbagai proyek.",4.6,
240,Perempuan,S1,Jawa Tengah,Semarang,SEO,Indonesia,Saya ingin belajar SEO dengan tutor yang berpengalaman di Semarang,"Mengajar SEO untuk bisnis online, berpengalaman 4 tahun, fokus pada strategi praktis.",2.5,
241,Laki-laki,S2,Sulawesi Selatan,Makassar,Public Speaking,Indonesia,Mencari tutor untuk belajar public speaking di Makassar yang ramah dan berpengalaman,"Berpengalaman mengajar public speaking selama 5 tahun, fokus pada teknik presentasi.",3,
242,Perempuan,S1,Bali,Denpasar,Digital Art,Indonesia,Ingin belajar seni digital dengan tutor di Denpasar yang kreatif dan inspiratif,"Mengajar seni digital dengan pengalaman 3 tahun, menggunakan alat digital modern.",3.5,
243,Laki-laki,S3,Kalimantan Timur,Balikpapan,Cloud Computing,Inggris,Butuh mentor untuk belajar cloud computing di Balikpapan dengan pendekatan proyek,"Mengajar cloud computing dengan fokus pada proyek praktis, pengalaman 6 tahun.",4.3,
244,Perempuan,S1,Sumatera Selatan,Palembang,Photography,Indonesia,Saya ingin belajar fotografi di Palembang dengan tutor yang praktis dan ramah,"Mengajar fotografi dengan pengalaman 4 tahun, fokus pada teknik fotografi dasar.",3.2,
245,Laki-laki,S2,Kalimantan Selatan,Banjarmasin,Economics,Indonesia,Mencari tutor untuk belajar ekonomi di Banjarmasin yang bisa mengajar dengan kasus nyata,"Mengajar ekonomi dengan pendekatan kasus nyata, pengalaman 5 tahun di bidangnya.",3.8,
246,Perempuan,S2,Jawa Timur,Malang,Graphic Design,Indonesia,Ingin belajar graphic design dengan tutor yang berpengalaman di Malang,"Mengajar graphic design dengan fokus pada aplikasi praktis, pengalaman 4 tahun.",3.6,
247,Laki-laki,S3,Jawa Barat,Depok,Artificial Intelligence,Indonesia,Butuh mentor untuk belajar artificial intelligence di Depok dengan pendekatan praktis,"Berpengalaman mengajar AI selama 8 tahun, fokus pada proyek praktis dan real-world applications.",4.9,
248,Perempuan,S2,Jawa Barat,Bekasi,Deep Learning,Inggris,Mencari tutor untuk belajar deep learning di Bekasi yang bisa mengajar dengan studi kasus,"Mengajar deep learning dengan metode studi kasus, berpengalaman 5 tahun di industri.",4.8,
249,Laki-laki,S2,Jawa Tengah,Surakarta,Computer Vision,Indonesia,Saya ingin belajar computer vision di Solo dengan tutor yang berpengalaman,"Mengajar computer vision dengan pengalaman 6 tahun, menggunakan proyek praktis.",4.4,
250,Perempuan,S1,Banten,Tangerang,UX/UI Design,Indonesia,Mencari tutor untuk belajar UX/UI design di Tangerang yang kreatif dan inovatif,"Mengajar UX/UI design dengan fokus pada kreativitas dan inovasi, pengalaman 3 tahun.",3,
251,Laki-laki,S2,Kepulauan Riau,Batam,Cybersecurity,Inggris,Butuh mentor untuk belajar cybersecurity di Batam yang praktis dan berpengalaman,"Berpengalaman mengajar cybersecurity selama 7 tahun, fokus pada aplikasi praktis.",4.7,
252,Perempuan,S3,Lampung,Bandar Lampung,Big Data,Indonesia,Ingin belajar big data dengan tutor di Bandar Lampung yang interaktif dan aplikatif,"Mengajar big data dengan pengalaman 6 tahun, fokus pada aplikasi praktis dan interaktif.",4.9,
253,Laki-laki,S1,Maluku,Ambon,Game Development,Indonesia,Mencari tutor untuk belajar game development di Ambon yang kreatif dan inovatif,"Mengajar game development dengan fokus pada kreativitas, pengalaman 4 tahun.",3.5,
254,Perempuan,S1,Sumatera Barat,Padang,Blockchain,Indonesia,Butuh mentor untuk belajar blockchain di Padang dengan tutor yang bisa mengajar secara praktis,"Mengajar blockchain dengan fokus pada aplikasi praktis, berpengalaman 4 tahun di proyek.",4.5,
255,Laki-laki,S2,DKI Jakarta,Jakarta Pusat,Bisnis Kuliner,Indonesia,Saya mencari mentor untuk mengembangkan bisnis kuliner di Jakarta dengan pendekatan praktis,Berpengalaman mengembangkan bisnis kuliner selama 10 tahun dengan fokus pada manajemen operasional dan strategi pemasaran.,4.5,
256,Perempuan,S3,Jawa Barat,Bandung,Pemasaran Digital,Inggris,Ingin belajar strategi pemasaran digital untuk startup teknologi di Bandung dengan mentor yang berpengalaman,"Mengajar strategi pemasaran digital dengan pendekatan interaktif, berpengalaman selama 8 tahun di industri teknologi.",4,
257,Laki-laki,S1,Jawa Timur,Surabaya,Bisnis Fashion,Indonesia,Mencari mentor untuk mengembangkan usaha fashion di Surabaya yang dapat mengajar dengan studi kasus,"Mengajar bisnis fashion dengan studi kasus nyata, berpengalaman mengelola merek fashion selama 6 tahun.",4.2,
258,Perempuan,S2,Daerah Istimewa Yogyakarta,Yogyakarta,Bisnis Pariwisata,Indonesia,Butuh mentor untuk mengembangkan bisnis pariwisata di Yogyakarta yang praktis dan langsung ke praktek,"Mengajar bisnis pariwisata dengan pendekatan praktis, pengalaman 7 tahun mengelola destinasi wisata.",4.7,
259,Laki-laki,S3,Sumatera Utara,Medan,Agribisnis,Inggris,Mencari mentor untuk mengembangkan usaha agribisnis di Medan dengan metode visual dan interaktif,"Mengajar agribisnis dengan metode visual dan interaktif, pengalaman 10 tahun di berbagai proyek agribisnis.",4.6,
260,Perempuan,S1,Jawa Tengah,Semarang,Startup Teknologi,Indonesia,Saya ingin mentor yang bisa membantu mengembangkan bisnis startup teknologi di Semarang,"Mengajar pengembangan startup teknologi, berpengalaman 5 tahun dengan fokus pada inovasi dan pengembangan produk.",2.5,
261,Laki-laki,S2,Sulawesi Selatan,Makassar,Bisnis Retail,Indonesia,Mencari mentor untuk belajar mengelola bisnis retail di Makassar yang ramah dan berpengalaman,"Berpengalaman mengelola bisnis retail selama 8 tahun, fokus pada manajemen inventaris dan pelayanan pelanggan.",3,
262,Perempuan,S1,Bali,Denpasar,Bisnis Seni Kriya,Indonesia,Ingin belajar mengembangkan bisnis seni kriya dengan mentor di Denpasar yang kreatif dan inspiratif,"Mengajar bisnis seni kriya dengan pengalaman 5 tahun, fokus pada pemasaran kreatif dan manajemen bisnis seni.",3.5,
263,Laki-laki,S3,Kalimantan Timur,Balikpapan,E-commerce,Inggris,Butuh mentor untuk mengembangkan usaha e-commerce di Balikpapan dengan pendekatan proyek,"Mengajar e-commerce dengan fokus pada proyek praktis, pengalaman 7 tahun dalam mengelola platform e-commerce.",4.3,
264,Perempuan,S1,Sumatera Selatan,Palembang,Bisnis Properti,Indonesia,Saya ingin belajar mengelola bisnis properti di Palembang dengan tutor yang praktis dan ramah,"Mengajar bisnis properti dengan pengalaman 6 tahun, fokus pada pengelolaan properti dan pemasaran.",3.2,
265,Laki-laki,S2,Kalimantan Selatan,Banjarmasin,Ekspor Impor,Indonesia,Mencari mentor untuk belajar strategi ekspor impor di Banjarmasin yang bisa mengajar dengan kasus nyata,"Mengajar strategi ekspor impor dengan pendekatan kasus nyata, pengalaman 9 tahun di bidang perdagangan internasional.",3.8,
266,Perempuan,S2,Jawa Timur,Malang,Startup,Indonesia,Ingin belajar mengembangkan bisnis startup dengan mentor yang berpengalaman di Malang,"Mengajar pengembangan startup dengan fokus pada strategi bisnis, pengalaman 6 tahun.",3.6,
267,Laki-laki,S3,Jawa Barat,Depok,Social Entrepreneurship,Indonesia,Butuh mentor untuk belajar social entrepreneurship di Depok dengan pendekatan praktis,"Berpengalaman mengajar social entrepreneurship selama 8 tahun, fokus pada proyek sosial dan keberlanjutan.",4.9,
268,Perempuan,S2,Jawa Barat,Bekasi,Manajemen Proyek,Inggris,Mencari mentor untuk belajar manajemen proyek di Bekasi yang bisa mengajar dengan studi kasus,"Mengajar manajemen proyek dengan metode studi kasus, berpengalaman 7 tahun di industri proyek.",4.8,
269,Laki-laki,S2,Jawa Tengah,Surakarta,Manajemen SDM,Indonesia,Saya ingin belajar manajemen sumber daya manusia di Solo dengan tutor yang berpengalaman,"Mengajar manajemen SDM dengan pengalaman 10 tahun, fokus pada pengembangan karyawan dan budaya perusahaan.",4.4,
270,Perempuan,S1,Banten,Tangerang,Strategi Bisnis,Indonesia,Mencari mentor untuk belajar strategi bisnis di Tangerang yang kreatif dan inovatif,"Mengajar strategi bisnis dengan fokus pada kreativitas dan inovasi, pengalaman 6 tahun di berbagai sektor.",4.1,
271,Laki-laki,S2,Kepulauan Riau,Batam,Bisnis Digital,Inggris,Ingin belajar strategi bisnis digital di Batam dengan tutor yang praktis dan aplikatif,"Berpengalaman mengajar bisnis digital selama 7 tahun, fokus pada aplikasi praktis.",4.7,
272,Perempuan,S3,Lampung,Bandar Lampung,Big Data,Indonesia,Ingin belajar big data dengan mentor di Bandar Lampung yang interaktif dan aplikatif,"Mengajar big data dengan pengalaman 6 tahun, fokus pada aplikasi praktis dan interaktif.",4.9,
273,Laki-laki,S1,Maluku,Ambon,Game Development,Indonesia,Mencari mentor untuk belajar game development di Ambon yang kreatif dan inovatif,"Mengajar game development dengan fokus pada kreativitas, pengalaman 4 tahun.",3.5,
274,Perempuan,S1,Sumatera Barat,Padang,Blockchain,Indonesia,Butuh mentor untuk belajar blockchain di Padang dengan tutor yang bisa mengajar secara praktis,"Mengajar blockchain dengan fokus pada aplikasi praktis, berpengalaman 4 tahun di proyek.",4.5,
275,Perempuan,S2,DKI Jakarta,Jakarta Selatan,Komunikasi Efektif,Indonesia,Saya mencari instructor untuk meningkatkan kemampuan komunikasi di Jakarta dengan pendekatan interaktif,"Mengajar komunikasi efektif dengan metode interaktif, pengalaman 7 tahun sebagai trainer komunikasi.",4.5,
276,Laki-laki,S3,Jawa Barat,Bandung,Kepemimpinan,Indonesia,Ingin belajar kepemimpinan di Bandung dengan mentor yang berpengalaman dan inspiratif,"Berpengalaman mengajar kepemimpinan selama 10 tahun, fokus pada pengembangan pemimpin yang inspiratif.",4.8,
277,Perempuan,S1,Jawa Timur,Surabaya,Public Speaking,Indonesia,Mencari instructor untuk meningkatkan kemampuan public speaking di Surabaya dengan cara yang menyenangkan,"Mengajar public speaking dengan pendekatan menyenangkan, berpengalaman sebagai pembicara publik selama 5 tahun.",4.2,
278,Laki-laki,S2,Daerah Istimewa Yogyakarta,Yogyakarta,Negosiasi,Indonesia,Butuh instructor untuk meningkatkan kemampuan negosiasi di Yogyakarta yang praktis dan aplikatif,"Mengajar negosiasi dengan fokus pada aplikasi praktis, pengalaman 8 tahun dalam bidang bisnis dan negosiasi.",4.6,
279,Perempuan,S3,Sumatera Utara,Medan,Manajemen Waktu,Inggris,Saya mencari instructor untuk meningkatkan keterampilan manajemen waktu di Medan dengan pendekatan yang langsung ke praktek,"Mengajar manajemen waktu dengan pendekatan praktis, pengalaman 9 tahun sebagai konsultan produktivitas.",4.7,
280,Laki-laki,S1,Jawa Tengah,Semarang,Teamwork,Indonesia,Ingin belajar teamwork di Semarang dengan instructor yang ramah dan berpengalaman,"Berpengalaman mengajar teamwork selama 6 tahun, fokus pada kolaborasi tim dan dinamika kelompok.",4.4,
281,Perempuan,S2,Sulawesi Selatan,Makassar,Problem Solving,Indonesia,Mencari instructor untuk belajar problem solving di Makassar yang kreatif dan inovatif,"Mengajar problem solving dengan pendekatan kreatif, pengalaman 7 tahun di berbagai industri.",4.3,
282,Laki-laki,S3,Bali,Denpasar,Critical Thinking,Inggris,Ingin belajar critical thinking di Denpasar dengan pendekatan visual dan interaktif,"Mengajar critical thinking dengan metode visual dan interaktif, pengalaman 8 tahun sebagai trainer.",4.8,
283,Perempuan,S2,Kalimantan Timur,Balikpapan,Interpersonal Skills,Indonesia,Mencari instructor untuk belajar keterampilan interpersonal di Balikpapan yang aplikatif,"Mengajar keterampilan interpersonal dengan aplikasi praktis, pengalaman 6 tahun dalam pengembangan personal.",4.5,
284,Laki-laki,S1,Sumatera Selatan,Palembang,Adaptability,Indonesia,Saya ingin belajar keterampilan adaptasi di Palembang dengan instructor yang bisa memberikan studi kasus,"Mengajar keterampilan adaptasi dengan pendekatan studi kasus, berpengalaman 5 tahun dalam berbagai proyek.",4.1,
285,Perempuan,S3,Kalimantan Selatan,Banjarmasin,Presentation Skills,Inggris,Butuh instructor untuk belajar keterampilan presentasi di Banjarmasin yang berpengalaman dan praktis,"Mengajar keterampilan presentasi dengan fokus praktis, pengalaman 9 tahun sebagai presenter profesional.",4.9,
286,Laki-laki,S2,Jawa Timur,Malang,Decision Making,Indonesia,Ingin belajar keterampilan pengambilan keputusan di Malang dengan instructor yang memiliki pengalaman luas,"Mengajar keterampilan pengambilan keputusan dengan pengalaman 7 tahun, fokus pada manajemen risiko.",4.6,
287,Perempuan,S1,Jawa Barat,Depok,Networking,Indonesia,Saya mencari instructor untuk belajar keterampilan networking di Depok dengan pendekatan praktis dan aplikatif,"Mengajar keterampilan networking dengan aplikasi praktis, pengalaman 5 tahun sebagai profesional bisnis.",4.2,
288,Laki-laki,S3,Jawa Barat,Bekasi,Creativity,Inggris,Mencari instructor untuk belajar kreativitas di Bekasi yang bisa memberikan banyak contoh praktis,"Mengajar kreativitas dengan banyak contoh praktis, berpengalaman 8 tahun dalam industri kreatif.",4.7,
289,Perempuan,S2,Jawa Tengah,Surakarta,Personal Development,Indonesia,Ingin belajar keterampilan pengembangan diri di Solo dengan instructor yang inspiratif,"Mengajar pengembangan diri dengan pengalaman 6 tahun, fokus pada motivasi dan pengembangan diri.",4.5,
290,Laki-laki,S1,Banten,Tangerang,Conflict Management,Indonesia,Mencari instructor untuk belajar keterampilan manajemen konflik di Tangerang yang berpengalaman,"Mengajar manajemen konflik dengan pengalaman 6 tahun, fokus pada resolusi konflik dan negosiasi.",4.3,
291,Laki-laki,S3,DKI Jakarta,Jakarta Selatan,Strategi Pemasaran,Indonesia,Saya mencari konsultan untuk meningkatkan strategi pemasaran di Jakarta dengan pendekatan data-driven,"Memiliki pengalaman 15 tahun dalam strategi pemasaran dengan pendekatan berbasis data, pernah bekerja dengan perusahaan Fortune 500.",4.9,
292,Perempuan,S2,Jawa Timur,Surabaya,Transformasi Digital,Inggris,Butuh konsultan untuk transformasi digital di Surabaya dengan pendekatan inovatif dan praktis,"Berpengalaman dalam transformasi digital selama 10 tahun, telah membantu berbagai perusahaan beralih ke teknologi baru.",4.8,
293,Laki-laki,S1,Jawa Barat,Bandung,Efisiensi Operasional,Indonesia,Ingin meningkatkan efisiensi operasional di Bandung dengan konsultan yang berpengalaman,"Memiliki pengalaman 12 tahun dalam meningkatkan efisiensi operasional, fokus pada lean manufacturing dan Six Sigma.",4.7,
294,Perempuan,S2,Daerah Istimewa Yogyakarta,Yogyakarta,Manajemen Risiko,Indonesia,Mencari konsultan untuk manajemen risiko di Yogyakarta dengan pendekatan holistik,"Berpengalaman dalam manajemen risiko selama 8 tahun, menguasai pendekatan holistik untuk identifikasi dan mitigasi risiko.",4.6,
295,Laki-laki,S3,Sumatera Utara,Medan,Analisis Keuangan,Inggris,Butuh konsultan untuk analisis keuangan di Medan yang dapat memberikan wawasan mendalam,"Mengajar analisis keuangan dengan pendekatan mendalam, pengalaman 10 tahun sebagai analis keuangan di berbagai perusahaan.",4.9,
296,Perempuan,S2,Jawa Tengah,Semarang,Inovasi Produk,Indonesia,Ingin meningkatkan inovasi produk di Semarang dengan konsultan yang kreatif,"Berpengalaman dalam inovasi produk selama 7 tahun, fokus pada pengembangan produk baru yang kreatif dan berkelanjutan.",4.8,
297,Laki-laki,S2,Sulawesi Selatan,Makassar,Kepemimpinan,Indonesia,Mencari konsultan untuk meningkatkan kepemimpinan di Makassar dengan pendekatan transformasional,"Memiliki pengalaman 10 tahun dalam pengembangan kepemimpinan, fokus pada pendekatan transformasional untuk pemimpin masa depan.",4.7,
298,Perempuan,S1,Bali,Denpasar,Pengembangan SDM,Inggris,Butuh konsultan untuk strategi pengembangan SDM di Bali dengan pendekatan adaptif,"Berpengalaman dalam pengembangan SDM selama 8 tahun, menggunakan pendekatan adaptif untuk meningkatkan kinerja karyawan.",4.6,
299,Laki-laki,S3,Kalimantan Timur,Balikpapan,Manajemen Perubahan,Indonesia,Ingin belajar manajemen perubahan di Balikpapan dengan konsultan yang ahli dan berpengalaman,"Memiliki pengalaman 15 tahun dalam manajemen perubahan, ahli dalam membantu organisasi beradaptasi dengan perubahan besar.",4.9,
300,Perempuan,S2,Sumatera Selatan,Palembang,Manajemen Proyek,Indonesia,Saya ingin belajar manajemen proyek di Palembang dengan konsultan yang dapat memberikan studi kasus,"Mengajar manajemen proyek dengan pendekatan studi kasus, berpengalaman 10 tahun dalam berbagai proyek skala besar.",4.8,
301,Laki-laki,S1,Kalimantan Selatan,Banjarmasin,Keberlanjutan,Inggris,Butuh konsultan untuk strategi keberlanjutan di Banjarmasin dengan pendekatan yang praktis,"Memiliki pengalaman 7 tahun dalam strategi keberlanjutan, fokus pada penerapan praktis untuk industri dan bisnis.",4.6,
302,Perempuan,S2,Jawa Timur,Malang,Manajemen Waktu,Indonesia,Ingin meningkatkan keterampilan manajemen waktu di Malang dengan konsultan yang praktis,"Berpengalaman dalam manajemen waktu selama 9 tahun, fokus pada teknik praktis untuk meningkatkan produktivitas.",4.7,
303,Laki-laki,S3,Jawa Barat,Depok,Analisis Pasar,Inggris,Mencari konsultan untuk analisis pasar di Depok dengan pendekatan berbasis riset,"Berpengalaman dalam analisis pasar selama 12 tahun, menggunakan pendekatan berbasis riset untuk keputusan strategis.",4.8,
304,Perempuan,S2,Jawa Barat,Bekasi,Strategi Bisnis,Indonesia,Ingin belajar pengembangan strategi bisnis di Bekasi dengan konsultan yang kreatif,"Mengajar pengembangan strategi bisnis dengan pendekatan kreatif, berpengalaman 10 tahun sebagai konsultan bisnis.",4.7,
305,Laki-laki,S1,Jawa Tengah,Surakarta,Pengembangan Tim,Indonesia,Butuh konsultan untuk meningkatkan kinerja tim di Solo dengan pendekatan kolaboratif,"Memiliki pengalaman 8 tahun dalam pengembangan tim, fokus pada pendekatan kolaboratif untuk meningkatkan kinerja.",4.6,
306,Perempuan,S3,Banten,Tangerang,Supply Chain Management,Inggris,Mencari konsultan untuk optimasi supply chain di Tangerang yang berpengalaman,"Berpengalaman 15 tahun dalam optimasi supply chain, fokus pada efisiensi dan pengurangan biaya.",4.9,
307,Perempuan,S2,DKI Jakarta,Jakarta Selatan,Bahasa Inggris,Indonesia,Saya mencari pengajar bahasa Inggris di Jakarta dengan metode interaktif,"Mengajar bahasa Inggris dengan metode interaktif, pengalaman 7 tahun sebagai pengajar bahasa.",4.5,
308,Laki-laki,S3,Jawa Barat,Bandung,Bahasa Jepang,Indonesia,Ingin belajar bahasa Jepang di Bandung dengan pengajar yang berpengalaman dan kreatif,"Berpengalaman mengajar bahasa Jepang selama 10 tahun, fokus pada metode kreatif dan praktis.",4.8,
309,Perempuan,S1,Jawa Timur,Surabaya,Bahasa Korea,Indonesia,Mencari pengajar bahasa Korea di Surabaya dengan pendekatan yang menyenangkan,"Mengajar bahasa Korea dengan pendekatan menyenangkan, berpengalaman sebagai pengajar selama 5 tahun.",4.2,
310,Laki-laki,S2,Daerah Istimewa Yogyakarta,Yogyakarta,Bahasa Prancis,Indonesia,Butuh pengajar bahasa Prancis di Yogyakarta yang praktis dan aplikatif,"Mengajar bahasa Prancis dengan fokus pada aplikasi praktis, pengalaman 8 tahun di bidang pengajaran bahasa.",4.6,
311,Perempuan,S3,Sumatera Utara,Medan,Bahasa Mandarin,Inggris,Saya mencari pengajar bahasa Mandarin di Medan dengan pendekatan yang langsung ke praktek,"Mengajar bahasa Mandarin dengan pendekatan praktis, pengalaman 9 tahun sebagai pengajar bahasa.",4.7,
312,Laki-laki,S1,Jawa Tengah,Semarang,Bahasa Spanyol,Indonesia,Ingin belajar bahasa Spanyol di Semarang dengan pengajar yang ramah dan berpengalaman,"Berpengalaman mengajar bahasa Spanyol selama 6 tahun, fokus pada komunikasi dan budaya.",4.4,
313,Perempuan,S2,Sulawesi Selatan,Makassar,Bahasa Jerman,Indonesia,Mencari pengajar bahasa Jerman di Makassar yang kreatif dan inovatif,"Mengajar bahasa Jerman dengan pendekatan kreatif, pengalaman 7 tahun di berbagai institusi pendidikan.",4.3,
314,Laki-laki,S3,Bali,Denpasar,Bahasa Italia,Inggris,Ingin belajar bahasa Italia di Denpasar dengan pendekatan visual dan interaktif,"Mengajar bahasa Italia dengan metode visual dan interaktif, pengalaman 8 tahun sebagai pengajar bahasa.",4.8,
315,Perempuan,S2,Kalimantan Timur,Balikpapan,Bahasa Rusia,Indonesia,Mencari pengajar bahasa Rusia di Balikpapan yang aplikatif,"Mengajar bahasa Rusia dengan aplikasi praktis, pengalaman 6 tahun dalam pengajaran bahasa.",4.5,
316,Laki-laki,S1,Sumatera Selatan,Palembang,Bahasa Arab,Indonesia,Saya ingin belajar bahasa Arab di Palembang dengan pengajar yang bisa memberikan studi kasus,"Mengajar bahasa Arab dengan pendekatan studi kasus, berpengalaman 5 tahun dalam pengajaran bahasa.",4.1,
317,Perempuan,S3,Kalimantan Selatan,Banjarmasin,Bahasa Portugis,Inggris,Butuh pengajar bahasa Portugis di Banjarmasin yang berpengalaman dan praktis,"Mengajar bahasa Portugis dengan fokus praktis, pengalaman 9 tahun sebagai pengajar bahasa.",4.9,
318,Laki-laki,S2,Jawa Timur,Malang,Bahasa Belanda,Indonesia,Ingin belajar bahasa Belanda di Malang dengan pengajar yang memiliki pengalaman luas,"Mengajar bahasa Belanda dengan pengalaman 7 tahun, fokus pada budaya dan komunikasi.",4.6,
319,Perempuan,S1,Jawa Barat,Depok,Bahasa Swedia,Indonesia,Saya mencari pengajar bahasa Swedia di Depok dengan pendekatan praktis dan aplikatif,"Mengajar bahasa Swedia dengan aplikasi praktis, pengalaman 5 tahun sebagai pengajar bahasa.",4.2,
320,Laki-laki,S3,Jawa Barat,Bekasi,Bahasa Turki,Inggris,Mencari pengajar bahasa Turki di Bekasi yang bisa memberikan banyak contoh praktis,"Mengajar bahasa Turki dengan banyak contoh praktis, berpengalaman 8 tahun dalam pengajaran bahasa.",4.7,
321,Perempuan,S2,Jawa Tengah,Surakarta,Bahasa Thailand,Indonesia,Ingin belajar bahasa Thailand di Solo dengan pengajar yang inspiratif,"Mengajar bahasa Thailand dengan pengalaman 6 tahun, fokus pada motivasi dan pengembangan keterampilan bahasa.",4.5,
322,Laki-laki,S1,Banten,Tangerang,Bahasa Vietnam,Indonesia,Mencari pengajar bahasa Vietnam di Tangerang yang berpengalaman,"Mengajar bahasa Vietnam dengan pengalaman 6 tahun, fokus pada komunikasi dan budaya.",4.3,
323,Laki-laki,S2,DKI Jakarta,Jakarta Pusat,Fintech,Indonesia,Saya ingin memulai startup di bidang fintech yang menyediakan layanan pembayaran digital,"Berpengalaman 10 tahun di industri fintech, memiliki keahlian dalam pengembangan produk pembayaran digital.",4.8,
324,Perempuan,S3,Jawa Barat,Bandung,Edutech,Indonesia,Saya ingin membangun startup di bidang edutech yang menawarkan kursus online untuk anak-anak,"Berpengalaman 12 tahun dalam edutech, spesialis dalam pengembangan platform pembelajaran online untuk anak-anak.",4.9,
325,Laki-laki,S2,Jawa Timur,Surabaya,Healthtech,Indonesia,Saya ingin memulai startup di bidang healthtech yang menyediakan layanan konsultasi medis online,"Berpengalaman 8 tahun dalam healthtech, ahli dalam pengembangan aplikasi konsultasi medis.",4.7,
326,Perempuan,S1,Daerah Istimewa Yogyakarta,Yogyakarta,Agritech,Indonesia,Saya ingin membangun startup di bidang agritech yang menggunakan teknologi untuk meningkatkan hasil pertanian,"Berpengalaman 5 tahun dalam agritech, fokus pada penggunaan teknologi untuk optimasi hasil pertanian.",4.5,
327,Laki-laki,S3,Bali,Denpasar,Martech,Inggris,Saya ingin memulai startup di bidang martech yang menyediakan solusi pemasaran digital untuk UKM,"Berpengalaman 15 tahun dalam martech, ahli dalam strategi pemasaran digital dan pengembangan alat pemasaran.",4.9,
328,Perempuan,S2,Sumatera Utara,Medan,E-commerce,Indonesia,Saya ingin membangun startup di bidang e-commerce yang menjual produk lokal secara online,"Berpengalaman 7 tahun dalam e-commerce, fokus pada pengembangan platform penjualan produk lokal.",4.6,
329,Laki-laki,S2,Sulawesi Selatan,Makassar,Cleantech,Indonesia,Saya ingin memulai startup di bidang cleantech yang menawarkan solusi energi terbarukan,"Berpengalaman 9 tahun dalam cleantech, ahli dalam pengembangan solusi energi terbarukan.",4.8,
330,Perempuan,S1,Kalimantan Timur,Balikpapan,Proptech,Indonesia,Saya ingin membangun startup di bidang proptech yang menyediakan platform untuk jual beli properti,"Berpengalaman 6 tahun dalam proptech, fokus pada pengembangan platform jual beli properti.",4.4,
331,Laki-laki,S3,Jawa Barat,Bekasi,Medtech,Inggris,Saya ingin memulai startup di bidang medtech yang mengembangkan perangkat medis inovatif,"Berpengalaman 10 tahun dalam medtech, ahli dalam pengembangan dan regulasi perangkat medis.",4.9,
332,Perempuan,S2,Jawa Tengah,Semarang,Foodtech,Indonesia,Saya ingin membangun startup di bidang foodtech yang menyediakan layanan pengiriman makanan sehat,"Berpengalaman 8 tahun dalam foodtech, fokus pada logistik dan pengembangan menu makanan sehat.",4.7,
333,Laki-laki,S3,Sumatera Selatan,Palembang,Insurtech,Indonesia,Saya ingin memulai startup di bidang insurtech yang menawarkan produk asuransi digital,"Berpengalaman 12 tahun dalam insurtech, ahli dalam pengembangan produk asuransi digital dan manajemen risiko.",4.8,
334,Perempuan,S1,Kalimantan Selatan,Banjarmasin,Traveltech,Inggris,Saya ingin membangun startup di bidang traveltech yang menawarkan layanan perencanaan perjalanan,"Berpengalaman 5 tahun dalam traveltech, fokus pada pengembangan platform perencanaan perjalanan dan manajemen reservasi.",4.5,
335,Laki-laki,S2,Jawa Timur,Malang,Fashiontech,Indonesia,Saya ingin memulai startup di bidang fashiontech yang menyediakan platform belanja fashion,"Berpengalaman 7 tahun dalam fashiontech, fokus pada pengembangan platform belanja online dan pengelolaan stok.",4.6,
336,Perempuan,S3,Bali,Denpasar,Biotech,Inggris,Saya ingin membangun startup di bidang biotech yang mengembangkan produk bioteknologi untuk kesehatan,"Berpengalaman 12 tahun dalam biotech, ahli dalam penelitian dan pengembangan produk bioteknologi.",4.9,
337,Laki-laki,S2,DKI Jakarta,Jakarta Barat,Cybersecurity,Indonesia,Saya ingin memulai startup di bidang cybersecurity yang menawarkan solusi keamanan siber untuk perusahaan,"Berpengalaman 10 tahun dalam cybersecurity, ahli dalam pengembangan solusi keamanan siber dan manajemen risiko.",4.8,
338,Perempuan,S1,Jawa Tengah,Solo,Socialtech,Indonesia,Saya ingin membangun startup di bidang socialtech yang menyediakan platform untuk kegiatan sosial,"Berpengalaman 5 tahun dalam socialtech, fokus pada pengembangan platform untuk kegiatan sosial dan penggalangan dana.",4.4,
339,Laki-laki,S2,Banten,Tangerang,Gaming,Indonesia,Saya ingin memulai startup di bidang gaming yang mengembangkan game edukatif untuk anak-anak,"Berpengalaman 8 tahun dalam industri game, fokus pada pengembangan game edukatif dan interaktif.",4.7,
340,Perempuan,S3,DKI Jakarta,Jakarta Selatan,AI in Genomics,Inggris,Saya ingin memulai startup yang menggunakan AI untuk menganalisis data genetik untuk prediksi penyakit,"Berpengalaman 10 tahun di bidang AI dan genomik, ahli dalam analisis data genetik dan prediksi penyakit.",4.9,
341,Laki-laki,S2,Jawa Barat,Bandung,AI in Supply Chain,Indonesia,Saya ingin membangun startup yang menggunakan AI untuk optimasi rantai pasokan di industri manufaktur,"Berpengalaman 8 tahun dalam AI dan optimasi rantai pasokan, fokus pada solusi AI untuk efisiensi manufaktur.",4.7,
342,Perempuan,S3,Jawa Timur,Surabaya,AI in EdTech,Indonesia,Saya ingin memulai startup yang menggunakan AI untuk personalisasi konten pendidikan online,"Berpengalaman 12 tahun dalam edtech dan AI, ahli dalam pengembangan platform pendidikan dengan personalisasi konten.",4.8,
343,Laki-laki,S2,Bali,Denpasar,AI in Fintech,Inggris,Saya ingin membangun startup yang menggunakan AI untuk deteksi penipuan dalam transaksi keuangan,"Berpengalaman 9 tahun dalam fintech dan AI, fokus pada pengembangan sistem deteksi penipuan menggunakan AI.",4.7,
344,Laki-laki,S3,Jawa Barat,Bekasi,AI in Logistics,Indonesia,Saya ingin memulai startup yang menggunakan AI untuk optimasi rute logistik bagi perusahaan transportasi,"Berpengalaman 11 tahun dalam logistik dan AI, ahli dalam optimasi rute dan manajemen armada menggunakan AI.",4.9,
345,Perempuan,S2,Sumatera Utara,Medan,AI in Marketing,Indonesia,Saya ingin membangun startup yang menggunakan AI untuk analisis sentimen media sosial bagi brand management,"Berpengalaman 7 tahun dalam pemasaran digital dan AI, fokus pada analisis sentimen dan brand management.",4.6,
346,Laki-laki,S2,Sulawesi Selatan,Makassar,AI in Predictive Maintenance,Indonesia,Saya ingin memulai startup yang menggunakan AI untuk prediksi kegagalan mesin dalam industri manufaktur,"Berpengalaman 8 tahun dalam predictive maintenance dan AI, ahli dalam analisis data dan prediksi kegagalan mesin.",4.7,
347,Perempuan,S3,Daerah Istimewa Yogyakarta,Yogyakarta,AI in E-commerce,Indonesia,Saya ingin membangun startup yang menggunakan AI untuk rekomendasi produk personalisasi di e-commerce,"Berpengalaman 10 tahun dalam e-commerce dan AI, ahli dalam pengembangan sistem rekomendasi produk personalisasi.",4.8,
348,Laki-laki,S3,Jawa Tengah,Semarang,AI in Healthcare,Inggris,Saya ingin memulai startup yang menggunakan AI untuk analisis gambar medis dalam diagnosis penyakit,"Berpengalaman 12 tahun dalam healthcare dan AI, ahli dalam analisis gambar medis dan diagnosis penyakit menggunakan AI.",4.9,
349,Perempuan,S2,Kalimantan Timur,Balikpapan,AI in Smart City,Indonesia,Saya ingin membangun startup yang menggunakan AI untuk pengembangan smart city di Indonesia,"Berpengalaman 9 tahun dalam pengembangan smart city dan AI, fokus pada solusi AI untuk kota pintar.",4.7,
350,Laki-laki,S3,Jawa Timur,Malang,AI in Big Data,Indonesia,Saya ingin memulai startup yang menggunakan AI untuk analisis data besar dalam penelitian akademis,"Berpengalaman 11 tahun dalam big data dan AI, ahli dalam analisis data besar dan penerapannya dalam penelitian akademis.",4.8,
351,Perempuan,S2,Bali,Denpasar,AI in Fashion,Inggris,Saya ingin membangun startup yang menggunakan AI untuk prediksi tren pasar di sektor fashion,"Berpengalaman 7 tahun dalam industri fashion dan AI, fokus pada prediksi tren pasar dan analisis data fashion.",4.6,
352,Laki-laki,S3,DKI Jakarta,Jakarta Barat,AI in Climate Science,Indonesia,Saya ingin memulai startup yang menggunakan AI untuk deteksi perubahan iklim dan mitigasi dampaknya,"Berpengalaman 10 tahun dalam ilmu iklim dan AI, ahli dalam deteksi perubahan iklim dan mitigasi dampaknya menggunakan AI.",4.8,
353,Perempuan,S2,Jawa Barat,Depok,AI in Retail,Indonesia,Saya ingin membangun startup yang menggunakan AI untuk analisis perilaku pelanggan di toko ritel,"Berpengalaman 8 tahun dalam ritel dan AI, fokus pada analisis perilaku pelanggan dan personalisasi pengalaman belanja.",4.7,
354,Laki-laki,S3,Jawa Tengah,Solo,AI in Virtual Assistants,Indonesia,Saya ingin memulai startup yang menggunakan AI untuk pengembangan asisten virtual yang pintar dan responsif,"Berpengalaman 10 tahun dalam pengembangan AI dan asisten virtual, ahli dalam pembuatan sistem responsif dan pintar.",4.8,